settlement,rrp,demand
2026-09-27 01:55:00,5.05,4692.82
2026-09-27 02:00:00,0.0103,4609.29
2026-09-27 02:05:00,0.0103,4577.55
2026-09-27 02:10:00,17.86772,4708.04
2026-09-27 02:15:00,5.05,4718.43
2026-09-27 02:20:00,0.0103,4695.51
2026-09-27 02:25:00,0.01,4560.75
2026-09-27 02:30:00,0.0103,4556.89
2026-09-27 02:35:00,0.01079,4575.41
2026-09-27 02:40:00,0.0103,4527.34
2026-09-27 02:45:00,0.0103,4496.66
2026-09-27 02:50:00,0.0103,4465.64
2026-09-27 02:55:00,0.01,4447.71
2026-09-27 03:00:00,0.01,4369.18
2026-09-27 03:05:00,0.0103,4586.5
2026-09-27 03:10:00,0.00029,4424.86
2026-09-27 03:15:00,3e-05,4360.82
2026-09-27 03:20:00,0.01,4390.82
2026-09-27 03:25:00,0.00034,4407.19
2026-09-27 03:30:00,0.00057,4404.93
2026-09-27 03:35:00,0.00034,4411.96
2026-09-27 03:40:00,3e-05,4317.31
2026-09-27 03:45:00,3e-05,4378.62
2026-09-27 03:50:00,3e-05,4351.84
2026-09-27 03:55:00,3e-05,4311.98
2026-09-27 04:00:00,0.01,4497.28
2026-09-27 04:05:00,0.01,4517.16
2026-09-27 04:10:00,0.01,4568.29
2026-09-27 04:15:00,3e-05,4425.96
2026-09-27 04:20:00,0.01,4455.96
2026-09-27 04:25:00,3e-05,4402.52
2026-09-27 04:30:00,0.0,4373.52
2026-09-27 04:35:00,3e-05,4445.47
2026-09-27 04:40:00,-1.8,4370.51
2026-09-27 04:45:00,-0.55,4535.86
2026-09-27 04:50:00,-0.55,4375.86
2026-09-27 04:55:00,-0.55,4411.17
2026-09-27 05:00:00,-0.55,4312.49
2026-09-27 05:05:00,-2.99,4356.34
2026-09-27 05:10:00,-0.55,4448.99
2026-09-27 05:15:00,-0.55,4466.66
2026-09-27 05:20:00,-0.55,4458.71
2026-09-27 05:25:00,-0.55,4484.19
2026-09-27 05:30:00,-0.55,4518.18
2026-09-27 05:35:00,-0.54986,4520.0
2026-09-27 05:40:00,-0.55,4492.61
2026-09-27 05:45:00,0.00013,4510.89
2026-09-27 05:50:00,-0.54986,4530.97
2026-09-27 05:55:00,-0.55,4551.44
2026-09-27 06:00:00,0.00013,4573.68
2026-09-27 06:05:00,0.0,4604.42
2026-09-27 06:10:00,-0.54986,4647.23
2026-09-27 06:15:00,0.00013,4686.35
2026-09-27 06:20:00,0.00013,4682.16
2026-09-27 06:25:00,0.00013,4702.92
2026-09-27 06:30:00,0.00013,4607.55
2026-09-27 06:35:00,0.00013,4627.67
2026-09-27 06:40:00,0.00013,4630.82
2026-09-27 06:45:00,-0.55,4603.4
2026-09-27 06:50:00,-4.9999,4556.57
2026-09-27 06:55:00,0.0001,4717.44
2026-09-27 07:00:00,-0.55,4576.53
2026-09-27 07:05:00,-0.54992,4435.16
2026-09-27 07:10:00,-4.39659,4332.86
2026-09-27 07:15:00,-7.2389,4369.84
2026-09-27 07:20:00,-7.0,4378.15
2026-09-27 07:25:00,-7.28093,4345.3
2026-09-27 07:30:00,-7.12547,4314.82
2026-09-27 07:35:00,-7.10138,4266.69
2026-09-27 07:40:00,-7.51,4144.3
2026-09-27 07:45:00,-8.0001,4174.66
2026-09-27 07:50:00,-7.99986,4133.88
2026-09-27 07:55:00,-8.01,4040.07
2026-09-27 08:00:00,-10.60973,4030.5
2026-09-27 08:05:00,-16.54,4046.44
2026-09-27 08:10:00,-20.0,3997.69
2026-09-27 08:15:00,-19.99,4000.87
2026-09-27 08:20:00,-22.10468,3917.66
2026-09-27 08:25:00,-40.72,3975.21
2026-09-27 08:30:00,-40.72,3984.09
2026-09-27 08:35:00,-20.0,4281.62
2026-09-27 08:40:00,-21.12048,4068.91
2026-09-27 08:45:00,-45.0,3852.88
2026-09-27 08:50:00,-35.73,4051.66
2026-09-27 08:55:00,-42.71,4112.84
2026-09-27 09:00:00,-20.91891,4260.67
2026-09-27 09:05:00,-44.58,4110.29
2026-09-27 09:10:00,-45.0,3982.77
2026-09-27 09:15:00,-45.42431,4080.26
2026-09-27 09:20:00,-44.58,3884.05
2026-09-27 09:25:00,-50.11,3955.0
2026-09-27 09:30:00,-55.29,3810.17
2026-09-27 09:35:00,-50.01,3957.6
2026-09-27 09:40:00,-45.0,4049.22
2026-09-27 09:45:00,-59.47,3947.55
2026-09-27 09:50:00,-60.0,3767.68
2026-09-27 09:55:00,-59.47,3770.74
2026-09-27 10:00:00,-59.47,3806.4
2026-09-27 10:05:00,-55.29,3773.17
2026-09-27 10:10:00,-59.47,3785.51
2026-09-27 10:15:00,-60.0,3761.96
2026-09-27 10:20:00,-59.47,3864.89
2026-09-27 10:25:00,-59.47,3892.3
2026-09-27 10:30:00,-50.11,3890.42
2026-09-27 10:35:00,-50.01,3753.56
2026-09-27 10:40:00,-44.58,3854.98
2026-09-27 10:45:00,-44.58,3967.94
2026-09-27 10:50:00,-56.82,3825.68
2026-09-27 10:55:00,-60.0,3474.92
2026-09-27 11:00:00,-50.11,3535.47
2026-09-27 11:05:00,-44.58,3615.32
2026-09-27 11:10:00,-34.89,3918.6
2026-09-27 11:15:00,-34.89,3822.41
2026-09-27 11:20:00,-45.0,3672.84
2026-09-27 11:25:00,-44.58,3846.11
2026-09-27 11:30:00,-44.58,3893.46
2026-09-27 11:35:00,-45.0,3702.04
2026-09-27 11:40:00,-34.89,3857.9
2026-09-27 11:45:00,-44.58,3691.68
2026-09-27 11:50:00,-45.0,3601.89
2026-09-27 11:55:00,-40.72,3854.52
2026-09-27 12:00:00,-20.86,3922.77
2026-09-27 12:05:00,-55.29,3850.12
2026-09-27 12:10:00,-44.58,3735.12
2026-09-27 12:15:00,-50.01,3709.53
2026-09-27 12:20:00,-55.29,3713.27
2026-09-27 12:25:00,-45.0,3651.65
2026-09-27 12:30:00,-50.01,3630.17
2026-09-27 12:35:00,-44.58,3687.74
2026-09-27 12:40:00,-44.58,3847.69
2026-09-27 12:45:00,-44.58,3849.45
2026-09-27 12:50:00,-44.58,3785.49
2026-09-27 12:55:00,-44.58,3806.21
2026-09-27 13:00:00,-44.58,3808.44
2026-09-27 13:05:00,-44.58,3783.79
2026-09-27 13:10:00,-20.86,3805.31
2026-09-27 13:15:00,-34.89,3728.84
2026-09-27 13:20:00,-44.58,3723.69
2026-09-27 13:25:00,-44.58,3747.23
2026-09-27 13:30:00,-44.58,3805.77
2026-09-27 13:35:00,-45.0,3671.11
2026-09-27 13:40:00,-44.58,3596.27
2026-09-27 13:45:00,-29.96653,3830.68
2026-09-27 13:50:00,-44.58,3744.8
2026-09-27 13:55:00,-44.58,3756.05
2026-09-27 14:00:00,-16.54,4143.72
2026-09-27 14:05:00,-44.58,3941.73
2026-09-27 14:10:00,-20.0,3887.87
2026-09-27 14:15:00,-20.0,3842.02
2026-09-27 14:20:00,-16.54,4047.24
2026-09-27 14:25:00,-20.86,3901.33
2026-09-27 14:30:00,-43.01,4002.36
2026-09-27 14:35:00,-20.86,3959.11
2026-09-27 14:40:00,-44.58,3926.4
2026-09-27 14:45:00,-16.61,3950.4
2026-09-27 14:50:00,-44.58,3935.49
2026-09-27 14:55:00,-44.58,3867.58
2026-09-27 15:00:00,-45.0,3798.58
2026-09-27 15:05:00,-20.86,3872.03
2026-09-27 15:10:00,-24.11334,3808.61
2026-09-27 15:15:00,-20.0,3724.88
2026-09-27 15:20:00,-16.54,3966.56
2026-09-27 15:25:00,-14.13858,3911.28
2026-09-27 15:30:00,-9.02649,3925.42
2026-09-27 15:35:00,-8.9097,3853.23
2026-09-27 15:40:00,-15.24021,3967.22
2026-09-27 15:45:00,-16.54,3884.11
2026-09-27 15:50:00,-8.01,3952.49
2026-09-27 15:55:00,-10.12847,4059.19
2026-09-27 16:00:00,-10.22365,4075.13
2026-09-27 16:05:00,-16.54,4152.65
2026-09-27 16:10:00,-7.0,4180.68
2026-09-27 16:15:00,-3.74415,4198.31
2026-09-27 16:20:00,-7.99986,4367.35
2026-09-27 16:25:00,-7.51,4328.67
2026-09-27 16:30:00,-7.51,4373.18
2026-09-27 16:35:00,-16.54,4510.98
2026-09-27 16:40:00,-16.54,4625.85
2026-09-27 16:45:00,-10.38614,4633.11
2026-09-27 16:50:00,-10.43268,4614.11
2026-09-27 16:55:00,-7.51,4622.74
2026-09-27 17:00:00,-0.55,4649.86
2026-09-27 17:05:00,0.00046,4825.29
2026-09-27 17:10:00,0.01,4855.42
2026-09-27 17:15:00,0.0103,4973.69
2026-09-27 17:20:00,20.44701,5129.11
2026-09-27 17:25:00,23.21612,5262.51
2026-09-27 17:30:00,14.16,5315.58
2026-09-27 17:35:00,29.4448,5484.8
2026-09-27 17:40:00,14.12,5522.56
2026-09-27 17:45:00,59.18,5583.53
2026-09-27 17:50:00,14.13,5640.09
2026-09-27 17:55:00,14.12,5663.48
2026-09-27 18:00:00,21.89552,5841.72
2026-09-27 18:05:00,14.12,5823.95
2026-09-27 18:10:00,14.12,5919.5
2026-09-27 18:15:00,14.12,5955.91
2026-09-27 18:20:00,14.12,5983.66
2026-09-27 18:25:00,14.12,6072.28
2026-09-27 18:30:00,14.12,6136.59
2026-09-27 18:35:00,14.12,6177.7
2026-09-27 18:40:00,14.12,6132.73
2026-09-27 18:45:00,14.12,6220.85
2026-09-27 18:50:00,14.13,6289.69
2026-09-27 18:55:00,14.5,6310.97
2026-09-27 19:00:00,14.30385,6274.22
2026-09-27 19:05:00,14.12,6340.35
2026-09-27 19:10:00,18.74444,6335.96
2026-09-27 19:15:00,14.15,6303.1
2026-09-27 19:20:00,32.18,6308.74
2026-09-27 19:25:00,20.3623,6203.41
2026-09-27 19:30:00,15.20454,6224.43
2026-09-27 19:35:00,32.18,6241.3
2026-09-27 19:40:00,32.18,6130.58
2026-09-27 19:45:00,32.18,6217.47
2026-09-27 19:50:00,30.49333,6196.95
2026-09-27 19:55:00,32.18,6187.08
2026-09-27 20:00:00,32.18,6196.5
2026-09-27 20:05:00,32.18,6084.66
2026-09-27 20:10:00,32.18,6082.95
2026-09-27 20:15:00,32.18,6104.07
2026-09-27 20:20:00,32.18,6131.94
2026-09-27 20:25:00,32.18,6076.44
2026-09-27 20:30:00,23.64079,6056.36
2026-09-27 20:35:00,16.21113,6026.47
2026-09-27 20:40:00,15.42842,6025.58
2026-09-27 20:45:00,14.12,5939.21
2026-09-27 20:50:00,14.13,5941.8
2026-09-27 20:55:00,14.16,5965.86
2026-09-27 21:00:00,17.38155,5929.2
2026-09-27 21:05:00,32.18,5833.17
2026-09-27 21:10:00,32.18,5931.26
2026-09-27 21:15:00,32.18,5879.39
2026-09-27 21:20:00,32.18,5871.12
2026-09-27 21:25:00,32.18,5797.21
2026-09-27 21:30:00,32.18,5768.55
2026-09-27 21:35:00,32.18,5751.58
2026-09-27 21:40:00,34.28,5787.05
2026-09-27 21:45:00,34.28,5738.26
2026-09-27 21:50:00,34.28,5671.14
2026-09-27 21:55:00,32.18,5624.2
2026-09-27 22:00:00,36.44825,5691.97
2026-09-27 22:05:00,34.57786,5604.1
2026-09-27 22:10:00,32.18,5505.85
2026-09-27 22:15:00,34.28,5421.97
2026-09-27 22:20:00,32.18,5463.29
2026-09-27 22:25:00,32.18,5417.66
2026-09-27 22:30:00,32.18,5376.5
2026-09-27 22:35:00,32.18,5335.56
2026-09-27 22:40:00,20.29747,5319.66
2026-09-27 22:45:00,34.28,5276.09
2026-09-27 22:50:00,12.96,5231.45
2026-09-27 22:55:00,18.25153,5208.4
2026-09-27 23:00:00,12.96,5186.37
2026-09-27 23:05:00,12.5,5208.54
2026-09-27 23:10:00,12.5,5256.45
2026-09-27 23:15:00,10.65,5311.53
2026-09-27 23:20:00,10.65,5307.52
2026-09-27 23:25:00,10.65,5308.31
2026-09-27 23:30:00,10.73994,5371.29
2026-09-27 23:35:00,10.65,5318.96
2026-09-27 23:40:00,12.5,5302.86
2026-09-27 23:45:00,32.3349,5221.46
2026-09-27 23:50:00,38.40869,5260.31
2026-09-27 23:55:00,12.51,5170.7
2026-09-28 00:00:00,10.65,5149.79
2026-09-28 00:05:00,12.51,5130.9
2026-09-28 00:10:00,10.65006,5086.71
2026-09-28 00:15:00,10.65,5168.55
2026-09-28 00:20:00,10.75994,5143.75
2026-09-28 00:25:00,10.66,5132.42
2026-09-28 00:30:00,10.65,5102.41
2026-09-28 00:35:00,10.65,5072.77
2026-09-28 00:40:00,10.65994,5052.85
2026-09-28 00:45:00,10.65,4997.95
2026-09-28 00:50:00,10.65,4945.11
2026-09-28 00:55:00,13.29906,5046.91
2026-09-28 01:00:00,19.73,4965.09
2026-09-28 01:05:00,12.5,4890.05
2026-09-28 01:10:00,14.88,4960.7
2026-09-28 01:15:00,12.96,4915.73
2026-09-28 01:20:00,23.58745,4884.26
2026-09-28 01:25:00,65.32651,4801.16
2026-09-28 01:30:00,12.5,4754.2
2026-09-28 01:35:00,19.05569,4800.84
2026-09-28 01:40:00,12.96,4760.13
2026-09-28 01:45:00,22.8,4820.75
2026-09-28 01:50:00,19.16728,4797.65
2026-09-28 01:55:00,25.43778,4749.46
2026-09-28 02:00:00,18.77107,4712.25
2026-09-28 02:05:00,18.78515,4664.29
2026-09-28 02:10:00,12.5,4588.88
2026-09-28 02:15:00,25.13,4673.69
2026-09-28 02:20:00,35.76268,4634.48
2026-09-28 02:25:00,25.67194,4616.04
2026-09-28 02:30:00,20.41859,4584.8
2026-09-28 02:35:00,64.0,4649.99
2026-09-28 02:40:00,55.99449,4644.29
2026-09-28 02:45:00,53.82884,4508.97
2026-09-28 02:50:00,54.46012,4492.6
2026-09-28 02:55:00,64.39923,4545.59
2026-09-28 03:00:00,32.18,4545.9
2026-09-28 03:05:00,24.00063,4526.18
2026-09-28 03:10:00,32.18,4588.24
2026-09-28 03:15:00,25.2434,4583.85
2026-09-28 03:20:00,64.95195,4619.34
2026-09-28 03:25:00,53.7766,4621.21
2026-09-28 03:30:00,16.24727,4614.98
2026-09-28 03:35:00,39.0,4647.65
2026-09-28 03:40:00,18.23018,4593.64
2026-09-28 03:45:00,19.1892,4638.99
2026-09-28 03:50:00,47.77977,4679.61
2026-09-28 03:55:00,36.46421,4658.83
2026-09-28 04:00:00,20.43285,4732.48
2026-09-28 04:05:00,66.7477,4834.5
2026-09-28 04:10:00,60.13,4667.92
2026-09-28 04:15:00,54.27514,4704.7
2026-09-28 04:20:00,37.10649,4785.19
2026-09-28 04:25:00,60.13,4725.22
2026-09-28 04:30:00,57.23105,4810.28
2026-09-28 04:35:00,46.71571,4814.35
2026-09-28 04:40:00,60.13,4803.47
2026-09-28 04:45:00,45.18,4873.28
2026-09-28 04:50:00,39.05497,4916.97
2026-09-28 04:55:00,40.09762,4849.28
2026-09-28 05:00:00,71.62789,4862.94
2026-09-28 05:05:00,55.80427,4905.87
2026-09-28 05:10:00,63.94162,4957.79
2026-09-28 05:15:00,21.18,4969.35
2026-09-28 05:20:00,21.18,5096.71
2026-09-28 05:25:00,67.08855,5147.06
2026-09-28 05:30:00,45.18,5059.67
2026-09-28 05:35:00,45.18,5095.05
2026-09-28 05:40:00,45.18,5249.21
2026-09-28 05:45:00,60.57733,5298.75
2026-09-28 05:50:00,45.18,5324.23
2026-09-28 05:55:00,65.99109,5379.83
2026-09-28 06:00:00,60.48086,5428.49
2026-09-28 06:05:00,48.37235,5457.48
2026-09-28 06:10:00,51.01,5523.62
2026-09-28 06:15:00,48.23159,5729.19
2026-09-28 06:20:00,54.65,5715.46
2026-09-28 06:25:00,54.65,5698.6
2026-09-28 06:30:00,46.48092,5749.56
2026-09-28 06:35:00,45.18,5785.94
2026-09-28 06:40:00,44.0,5827.88
2026-09-28 06:45:00,44.0,5872.31
2026-09-28 06:50:00,21.18,5803.03
2026-09-28 06:55:00,12.96,5789.11
2026-09-28 07:00:00,21.18,5904.82
2026-09-28 07:05:00,14.54876,5898.79
2026-09-28 07:10:00,14.2831,5856.21
2026-09-28 07:15:00,12.96,5877.78
2026-09-28 07:20:00,0.01016,5906.61
2026-09-28 07:25:00,10.64994,5861.6
2026-09-28 07:30:00,0.00992,5732.91
2026-09-28 07:35:00,5.03,5732.36
2026-09-28 07:40:00,0.01,5671.65
2026-09-28 07:45:00,0.01024,5649.02
2026-09-28 07:50:00,10.5,5770.2
2026-09-28 07:55:00,7.91,5749.44
2026-09-28 08:00:00,5.03,5710.69
2026-09-28 08:05:00,15.30914,5493.44
2026-09-28 08:10:00,10.5,5384.18
2026-09-28 08:15:00,10.5,5356.32
2026-09-28 08:20:00,0.00992,5367.11
2026-09-28 08:25:00,5.03,5409.43
2026-09-28 08:30:00,5.03,5274.49
2026-09-28 08:35:00,8.93,5200.05
2026-09-28 08:40:00,5.03,5251.92
2026-09-28 08:45:00,5.03,4994.19
2026-09-28 08:50:00,5.03,5018.13
2026-09-28 08:55:00,0.01,4899.9
2026-09-28 09:00:00,0.01,4849.12
2026-09-28 09:05:00,-0.56,4862.41
2026-09-28 09:10:00,0.01,4953.12
2026-09-28 09:15:00,-2.99,4843.32
2026-09-28 09:20:00,0.01,4794.32
2026-09-28 09:25:00,-4.99997,4692.17
2026-09-28 09:30:00,0.0,4751.29
2026-09-28 09:35:00,-7.96069,4722.41
2026-09-28 09:40:00,-5.00003,4689.9
2026-09-28 09:45:00,-8.0001,4656.18
2026-09-28 09:50:00,-2.5,4582.67
2026-09-28 09:55:00,-10.1,4451.88
2026-09-28 10:00:00,-11.95,4443.37
2026-09-28 10:05:00,-8.0,4248.23
2026-09-28 10:10:00,-8.0,4247.19
2026-09-28 10:15:00,-7.9999,4262.1
2026-09-28 10:20:00,-10.1,4111.54
2026-09-28 10:25:00,-2.5,4078.31
2026-09-28 10:30:00,-20.57209,4108.66
2026-09-28 10:35:00,0.01,3932.63
2026-09-28 10:40:00,-13.46808,3955.07
2026-09-28 10:45:00,5.03,3757.83
2026-09-28 10:50:00,-8.0,4014.26
2026-09-28 10:55:00,5.03,4024.94
2026-09-28 11:00:00,-16.61,3866.74
2026-09-28 11:05:00,-0.55,3891.05
2026-09-28 11:10:00,-2.5,4010.83
2026-09-28 11:15:00,5.03,3883.22
2026-09-28 11:20:00,-3.89884,3837.3
2026-09-28 11:25:00,5.03,3975.73
2026-09-28 11:30:00,5.03,3718.36
2026-09-28 11:35:00,-2.5,3819.47
2026-09-28 11:40:00,-0.24,3825.19
2026-09-28 11:45:00,5.03,3746.15
2026-09-28 11:50:00,8.93,3735.48
2026-09-28 11:55:00,-5.0,3978.9
2026-09-28 12:00:00,-2.5,3666.1
2026-09-28 12:05:00,-8.86,3847.85
2026-09-28 12:10:00,8.93,3881.94
2026-09-28 12:15:00,-2.5,3791.17
2026-09-28 12:20:00,-2.5,3791.96
2026-09-28 12:25:00,5.03,3691.13
2026-09-28 12:30:00,-2.5,3622.08
2026-09-28 12:35:00,-13.71393,3671.36
2026-09-28 12:40:00,8.93,3604.92
2026-09-28 12:45:00,-2.5,3702.6
2026-09-28 12:50:00,-13.18317,3524.09
2026-09-28 12:55:00,0.01,3537.02
2026-09-28 13:00:00,-8.0,3476.18
2026-09-28 13:05:00,5.03,3509.8
2026-09-28 13:10:00,-2.5,3609.48
2026-09-28 13:15:00,5.03,3730.84
2026-09-28 13:20:00,8.51,3638.07
2026-09-28 13:25:00,0.01,3799.39
2026-09-28 13:30:00,1.45,3670.21
2026-09-28 13:35:00,5.03,3711.48
2026-09-28 13:40:00,8.51,3750.63
2026-09-28 13:45:00,8.93,3767.13
2026-09-28 13:50:00,8.51,3725.17
2026-09-28 13:55:00,8.93,3878.21
2026-09-28 14:00:00,8.93,3930.9
2026-09-28 14:05:00,8.93896,3944.47
2026-09-28 14:10:00,15.31244,4072.02
2026-09-28 14:15:00,12.02283,4011.98
2026-09-28 14:20:00,14.36,4300.19
2026-09-28 14:25:00,8.93,4088.23
2026-09-28 14:30:00,10.5,4373.21
2026-09-28 14:35:00,5.03,4091.48
2026-09-28 14:40:00,5.03,4215.57
2026-09-28 14:45:00,0.00996,4153.96
2026-09-28 14:50:00,5.03,3957.6
2026-09-28 14:55:00,0.00996,3947.82
2026-09-28 15:00:00,-1.4,3840.06
2026-09-28 15:05:00,8.93,3918.88
2026-09-28 15:10:00,8.93,4013.14
2026-09-28 15:15:00,8.93,4039.1
2026-09-28 15:20:00,8.93,4029.12
2026-09-28 15:25:00,8.93,4109.11
2026-09-28 15:30:00,8.93798,4276.25
2026-09-28 15:35:00,14.36,4287.31
2026-09-28 15:40:00,14.36,4342.29
2026-09-28 15:45:00,76.24043,4445.67
2026-09-28 15:50:00,77.10045,4580.01
2026-09-28 15:55:00,77.24753,4712.95
2026-09-28 16:00:00,77.26144,4765.43
2026-09-28 16:05:00,74.62,4770.56
2026-09-28 16:10:00,74.26783,4875.86
2026-09-28 16:15:00,64.0,4957.43
2026-09-28 16:20:00,34.28,4890.01
2026-09-28 16:25:00,34.28,4991.67
2026-09-28 16:30:00,48.33206,5101.82
2026-09-28 16:35:00,34.28,5148.76
2026-09-28 16:40:00,50.51166,5402.63
2026-09-28 16:45:00,55.4109,5389.11
2026-09-28 16:50:00,82.9135,5343.64
2026-09-28 16:55:00,88.57349,5441.4
2026-09-28 17:00:00,93.69833,5318.53
2026-09-28 17:05:00,88.55905,5370.96
2026-09-28 17:10:00,76.67175,5432.65
2026-09-28 17:15:00,77.31865,5607.32
2026-09-28 17:20:00,96.18,5666.64
2026-09-28 17:25:00,91.85762,5639.97
2026-09-28 17:30:00,89.71657,5653.82
2026-09-28 17:35:00,89.0,5774.48
2026-09-28 17:40:00,89.0,5824.64
2026-09-28 17:45:00,90.11705,5946.18
2026-09-28 17:50:00,90.94024,6003.3
2026-09-28 17:55:00,92.34029,6097.17
2026-09-28 18:00:00,97.07091,6198.17
2026-09-28 18:05:00,89.0,6119.68
2026-09-28 18:10:00,88.63958,6085.7
2026-09-28 18:15:00,88.04,6186.41
2026-09-28 18:20:00,83.68907,6156.62
2026-09-28 18:25:00,88.04,6301.37
2026-09-28 18:30:00,88.92599,6374.93
2026-09-28 18:35:00,87.45617,6395.03
2026-09-28 18:40:00,84.87154,6420.63
2026-09-28 18:45:00,80.96681,6553.77
2026-09-28 18:50:00,87.33247,6553.16
2026-09-28 18:55:00,87.78305,6514.0
2026-09-28 19:00:00,87.7008,6537.67
2026-09-28 19:05:00,74.62,6494.9
2026-09-28 19:10:00,74.62,6501.93
2026-09-28 19:15:00,77.98661,6489.41
2026-09-28 19:20:00,84.624,6515.13
2026-09-28 19:25:00,81.73729,6499.94
2026-09-28 19:30:00,73.67882,6481.94
2026-09-28 19:35:00,78.00623,6398.39
2026-09-28 19:40:00,76.04555,6426.76
2026-09-28 19:45:00,74.62,6392.14
2026-09-28 19:50:00,72.62748,6298.2
2026-09-28 19:55:00,74.62,6365.29
2026-09-28 20:00:00,74.62,6336.85
2026-09-28 20:05:00,70.37213,6343.76
2026-09-28 20:10:00,70.42499,6231.52
2026-09-28 20:15:00,69.90107,6210.42
2026-09-28 20:20:00,74.62,6216.75
2026-09-28 20:25:00,74.62,6207.2
2026-09-28 20:30:00,72.43295,6233.19
2026-09-28 20:35:00,77.17437,6212.79
2026-09-28 20:40:00,77.03982,6119.79
2026-09-28 20:45:00,68.06785,6094.73
2026-09-28 20:50:00,74.62,6079.1
2026-09-28 20:55:00,81.55727,6079.4
2026-09-28 21:00:00,74.62,6064.18
2026-09-28 21:05:00,80.20253,5968.77
2026-09-28 21:10:00,72.60091,5969.63
2026-09-28 21:15:00,80.90389,6030.31
2026-09-28 21:20:00,74.62,5992.82
2026-09-28 21:25:00,83.47897,5972.5
2026-09-28 21:30:00,77.22781,5944.45
2026-09-28 21:35:00,82.08108,5935.12
2026-09-28 21:40:00,84.30583,5884.16
2026-09-28 21:45:00,80.62584,5773.09
2026-09-28 21:50:00,80.6141,5741.42
2026-09-28 21:55:00,80.62612,5777.64
2026-09-28 22:00:00,76.22398,5724.18
2026-09-28 22:05:00,80.63594,5584.28
2026-09-28 22:10:00,81.20385,5656.4
2026-09-28 22:15:00,79.87538,5668.22
2026-09-28 22:20:00,72.90802,5616.5
2026-09-28 22:25:00,68.81888,5533.0
2026-09-28 22:30:00,67.43846,5501.41
2026-09-28 22:35:00,70.31457,5467.17
2026-09-28 22:40:00,72.80638,5508.55
2026-09-28 22:45:00,66.06962,5423.88
2026-09-28 22:50:00,71.07203,5412.24
2026-09-28 22:55:00,66.05815,5425.58
2026-09-28 23:00:00,65.02483,5345.74
2026-09-28 23:05:00,68.7627,5407.26
2026-09-28 23:10:00,81.05003,5477.91
2026-09-28 23:15:00,81.70781,5500.72
2026-09-28 23:20:00,66.58202,5431.82
2026-09-28 23:25:00,57.86,5486.16
2026-09-28 23:30:00,66.68015,5495.99
2026-09-28 23:35:00,68.41535,5418.71
2026-09-28 23:40:00,71.86827,5424.63
2026-09-28 23:45:00,66.18985,5397.07
2026-09-28 23:50:00,65.1645,5387.7
2026-09-28 23:55:00,63.31722,5353.96
2026-09-29 00:00:00,57.86,5331.76
2026-09-29 00:05:00,63.88636,5329.59
2026-09-29 00:10:00,12.96,5425.05
2026-09-29 00:15:00,10.71626,5418.32
2026-09-29 00:20:00,10.65,5293.14
2026-09-29 00:25:00,10.5,5365.6
2026-09-29 00:30:00,0.01016,5367.34
2026-09-29 00:35:00,0.01,5230.74
2026-09-29 00:40:00,0.01,5195.42
2026-09-29 00:45:00,0.01,5191.71
2026-09-29 00:50:00,0.01049,5196.06
2026-09-29 00:55:00,0.01079,5135.51
2026-09-29 01:00:00,10.5,5145.47
2026-09-29 01:05:00,10.65,5115.41
2026-09-29 01:10:00,8.94,5014.38
2026-09-29 01:15:00,8.94,5081.67
2026-09-29 01:20:00,8.94,5054.74
2026-09-29 01:25:00,8.94,5056.92
2026-09-29 01:30:00,0.01079,5004.08
2026-09-29 01:35:00,0.01,4901.48
2026-09-29 01:40:00,0.01,4869.84
2026-09-29 01:45:00,0.01,4922.85
2026-09-29 01:50:00,0.01,4887.6
2026-09-29 01:55:00,0.01,4863.29
2026-09-29 02:00:00,0.01,4819.21
2026-09-29 02:05:00,0.01,4820.42
2026-09-29 02:10:00,0.01,4883.93
2026-09-29 02:15:00,0.01,4760.0
2026-09-29 02:20:00,0.01,4735.23
2026-09-29 02:25:00,0.01,4726.65
2026-09-29 02:30:00,0.01,4684.59
2026-09-29 02:35:00,0.01,4706.71
2026-09-29 02:40:00,0.01,4690.14
2026-09-29 02:45:00,0.01,4652.78
2026-09-29 02:50:00,0.01,4695.8
2026-09-29 02:55:00,0.01,4683.76
2026-09-29 03:00:00,0.01,4682.42
2026-09-29 03:05:00,0.01,4657.47
2026-09-29 03:10:00,0.01,4695.29
2026-09-29 03:15:00,0.01,4675.23
2026-09-29 03:20:00,0.01,4598.64
2026-09-29 03:25:00,0.01,4672.03
2026-09-29 03:30:00,0.01,4656.8
2026-09-29 03:35:00,0.01,4650.18
2026-09-29 03:40:00,-0.56,4583.42
2026-09-29 03:45:00,-0.56,4561.87
2026-09-29 03:50:00,0.01,4679.8
2026-09-29 03:55:00,-0.56,4659.75
2026-09-29 04:00:00,-0.56,4655.69
2026-09-29 04:05:00,-0.56,4566.84
2026-09-29 04:10:00,-0.55,4677.57
2026-09-29 04:15:00,-0.56,4697.07
2026-09-29 04:20:00,-0.56,4678.46
2026-09-29 04:25:00,-0.55,4735.09
2026-09-29 04:30:00,-0.56,4738.06
2026-09-29 04:35:00,-0.56,4717.96
2026-09-29 04:40:00,-0.56,4623.48
2026-09-29 04:45:00,-0.56,4632.13
2026-09-29 04:50:00,-0.56,4593.22
2026-09-29 04:55:00,-0.55,4792.31
2026-09-29 05:00:00,-0.55,4879.28
2026-09-29 05:05:00,-0.56,4753.87
2026-09-29 05:10:00,-0.55,4782.99
2026-09-29 05:15:00,-0.55,4885.52
2026-09-29 05:20:00,-0.55,4886.76
2026-09-29 05:25:00,-0.55,4960.3
2026-09-29 05:30:00,-0.56,4868.15
2026-09-29 05:35:00,-0.55,4873.66
2026-09-29 05:40:00,-0.55,4951.58
2026-09-29 05:45:00,-0.55,4957.06
2026-09-29 05:50:00,-0.55,5004.54
2026-09-29 05:55:00,-0.55,5121.89
2026-09-29 06:00:00,-0.55,5139.95
2026-09-29 06:05:00,-0.56,5126.91
2026-09-29 06:10:00,-0.55,5289.88
2026-09-29 06:15:00,-0.55,5338.3
2026-09-29 06:20:00,0.00033,5432.47
2026-09-29 06:25:00,-0.55,5384.97
2026-09-29 06:30:00,-0.55,5391.51
2026-09-29 06:35:00,-0.55,5376.61
2026-09-29 06:40:00,0.0004,5433.68
2026-09-29 06:45:00,0.00043,5506.62
2026-09-29 06:50:00,-0.56,5566.26
2026-09-29 06:55:00,-0.56,5531.51
2026-09-29 07:00:00,-8.0,5456.19
2026-09-29 07:05:00,-10.24068,5445.9
2026-09-29 07:10:00,-14.25565,5413.66
2026-09-29 07:15:00,-8.01,5589.71
2026-09-29 07:20:00,-14.89049,5324.7
2026-09-29 07:25:00,-11.95,5318.43
2026-09-29 07:30:00,-9.71916,5260.51
2026-09-29 07:35:00,-16.54,5243.85
2026-09-29 07:40:00,-9.44179,5174.28
2026-09-29 07:45:00,-9.32189,5112.39
2026-09-29 07:50:00,-9.3125,5208.89
2026-09-29 07:55:00,-19.48854,5044.61
2026-09-29 08:00:00,-14.91281,5041.09
2026-09-29 08:05:00,-15.59407,4949.94
2026-09-29 08:10:00,-19.9,5084.96
2026-09-29 08:15:00,-19.85819,4912.2
2026-09-29 08:20:00,-19.48095,4983.39
2026-09-29 08:25:00,-20.0,4922.51
2026-09-29 08:30:00,-20.0,4882.97
2026-09-29 08:35:00,-19.9,4954.68
2026-09-29 08:40:00,-19.9,5079.92
2026-09-29 08:45:00,-19.9,5014.59
2026-09-29 08:50:00,-20.0,4978.99
2026-09-29 08:55:00,-20.0,4896.64
2026-09-29 09:00:00,-20.31173,4811.7
2026-09-29 09:05:00,-20.0,5025.02
2026-09-29 09:10:00,-20.0,5056.05
2026-09-29 09:15:00,-20.0,5026.82
2026-09-29 09:20:00,-19.9,4981.46
2026-09-29 09:25:00,-20.0,4902.71
2026-09-29 09:30:00,-20.90194,4829.59
2026-09-29 09:35:00,-21.72,4774.42
2026-09-29 09:40:00,-35.68,4665.05
2026-09-29 09:45:00,-21.08131,4497.0
2026-09-29 09:50:00,-21.06648,4508.68
2026-09-29 09:55:00,-34.93,4632.25
2026-09-29 10:00:00,-37.11682,4747.58
2026-09-29 10:05:00,-35.71,4701.47
2026-09-29 10:10:00,-34.89,4641.61
2026-09-29 10:15:00,-35.14404,4478.86
2026-09-29 10:20:00,-35.68,4438.09
2026-09-29 10:25:00,-34.67,4463.54
2026-09-29 10:30:00,-44.58,4490.87
2026-09-29 10:35:00,-21.84298,4392.09
2026-09-29 10:40:00,-35.68,4273.01
2026-09-29 10:45:00,-34.67,4276.1
2026-09-29 10:50:00,-41.1351,4423.09
2026-09-29 10:55:00,-44.18756,4354.81
2026-09-29 11:00:00,-34.89,4261.86
2026-09-29 11:05:00,-40.25,4273.96
2026-09-29 11:10:00,-35.68,4253.16
2026-09-29 11:15:00,-35.71,4144.17
2026-09-29 11:20:00,-40.25,4166.78
2026-09-29 11:25:00,-43.33527,4205.99
2026-09-29 11:30:00,-39.77984,4144.11
2026-09-29 11:35:00,-40.25,4185.3
2026-09-29 11:40:00,-34.89,4041.12
2026-09-29 11:45:00,-39.07273,4014.12
2026-09-29 11:50:00,-40.25,4170.51
2026-09-29 11:55:00,-34.93,4055.44
2026-09-29 12:00:00,-44.58,4186.48
2026-09-29 12:05:00,-34.67,3971.71
2026-09-29 12:10:00,-40.25,3988.29
2026-09-29 12:15:00,-34.89,3910.76
2026-09-29 12:20:00,-44.58,4077.57
2026-09-29 12:25:00,-40.25,4096.92
2026-09-29 12:30:00,-45.0,4011.33
2026-09-29 12:35:00,-44.58,4125.81
2026-09-29 12:40:00,-34.67,3963.07
2026-09-29 12:45:00,-34.89,3720.59
2026-09-29 12:50:00,-45.0,3854.87
2026-09-29 12:55:00,-35.68,3813.22
2026-09-29 13:00:00,-40.25,3972.73
2026-09-29 13:05:00,-44.58,4034.35
2026-09-29 13:10:00,-44.58,4219.19
2026-09-29 13:15:00,-44.58,4083.77
2026-09-29 13:20:00,-44.58,4146.76
2026-09-29 13:25:00,-34.89,4183.75
2026-09-29 13:30:00,-27.54135,4189.98
2026-09-29 13:35:00,-40.9,4089.25
2026-09-29 13:40:00,-34.67,3872.18
2026-09-29 13:45:00,-19.99,3959.07
2026-09-29 13:50:00,-20.86,4018.36
2026-09-29 13:55:00,-19.99,4080.37
2026-09-29 14:00:00,-34.67,4191.71
2026-09-29 14:05:00,-20.0,4093.65
2026-09-29 14:10:00,-20.86,4198.68
2026-09-29 14:15:00,-20.86,4091.11
2026-09-29 14:20:00,-34.89,4057.96
2026-09-29 14:25:00,-21.72,4182.26
2026-09-29 14:30:00,-34.67,4193.19
2026-09-29 14:35:00,-34.67,4014.07
2026-09-29 14:40:00,-34.67,4013.29
2026-09-29 14:45:00,-34.67,4029.95
2026-09-29 14:50:00,-20.0,4098.28
2026-09-29 14:55:00,-16.54,4120.13
2026-09-29 15:00:00,-19.99,4202.73
2026-09-29 15:05:00,-8.29772,4116.71
2026-09-29 15:10:00,-8.01,4148.59
2026-09-29 15:15:00,-16.54,4230.85
2026-09-29 15:20:00,-8.22742,4339.29
2026-09-29 15:25:00,-8.26999,4429.37
2026-09-29 15:30:00,-8.26206,4487.64
2026-09-29 15:35:00,-8.01,4556.74
2026-09-29 15:40:00,-8.0,4547.57
2026-09-29 15:45:00,-7.99785,4551.68
2026-09-29 15:50:00,-7.44829,4559.27
2026-09-29 15:55:00,-7.99987,4616.85
2026-09-29 16:00:00,-8.2432,4706.15
2026-09-29 16:05:00,-19.99,4720.27
2026-09-29 16:10:00,-17.41489,4759.01
2026-09-29 16:15:00,-16.54,4821.66
2026-09-29 16:20:00,-13.54682,4849.16
2026-09-29 16:25:00,-6.6069,4871.35
2026-09-29 16:30:00,-4.11887,4910.04
2026-09-29 16:35:00,-6.73646,5020.78
2026-09-29 16:40:00,-5.24316,5125.18
2026-09-29 16:45:00,-6.75766,5050.4
2026-09-29 16:50:00,0.01,5211.24
2026-09-29 16:55:00,-4.16933,5156.29
2026-09-29 17:00:00,-5.00876,5220.48
2026-09-29 17:05:00,0.01006,5272.64
2026-09-29 17:10:00,0.01,5305.69
2026-09-29 17:15:00,21.18,5354.28
2026-09-29 17:20:00,21.18,5392.93
2026-09-29 17:25:00,25.06505,5509.09
2026-09-29 17:30:00,25.06505,5549.41
2026-09-29 17:35:00,29.00594,5713.53
2026-09-29 17:40:00,21.52895,5731.74
2026-09-29 17:45:00,21.89265,5814.14
2026-09-29 17:50:00,29.80455,5867.94
2026-09-29 17:55:00,10.5,5919.76
2026-09-29 18:00:00,10.45214,5949.52
2026-09-29 18:05:00,22.32504,5943.57
2026-09-29 18:10:00,10.72006,5854.93
2026-09-29 18:15:00,0.94658,5910.44
2026-09-29 18:20:00,8.93996,5884.13
2026-09-29 18:25:00,15.01006,5923.6
2026-09-29 18:30:00,12.44968,5948.57
2026-09-29 18:35:00,20.69488,5988.61
2026-09-29 18:40:00,28.00521,5984.17
2026-09-29 18:45:00,22.08888,5997.09
2026-09-29 18:50:00,12.96,5990.74
2026-09-29 18:55:00,10.65006,5998.01
2026-09-29 19:00:00,10.66,6006.73
2026-09-29 19:05:00,14.04,6014.24
2026-09-29 19:10:00,21.00399,5980.19
2026-09-29 19:15:00,10.65,5956.0
2026-09-29 19:20:00,1.97694,5936.12
2026-09-29 19:25:00,1.94853,5879.42
2026-09-29 19:30:00,8.94,5821.32
2026-09-29 19:35:00,21.18,6018.25
2026-09-29 19:40:00,14.12,6002.73
2026-09-29 19:45:00,10.65,5947.71
2026-09-29 19:50:00,12.52,6009.05
2026-09-29 19:55:00,0.01041,5788.57
2026-09-29 20:00:00,10.64994,5816.34
2026-09-29 20:05:00,8.94,5746.13
2026-09-29 20:10:00,8.94,5745.46
2026-09-29 20:15:00,8.94,5758.76
2026-09-29 20:20:00,0.01045,5795.53
2026-09-29 20:25:00,0.01024,5699.55
2026-09-29 20:30:00,0.01,5684.58
2026-09-29 20:35:00,0.01,5689.1
2026-09-29 20:40:00,0.01,5714.25
2026-09-29 20:45:00,0.01,5654.13
2026-09-29 20:50:00,0.01,5616.67
2026-09-29 20:55:00,0.01,5575.7
2026-09-29 21:00:00,0.01,5639.74
2026-09-29 21:05:00,0.01,5516.43
2026-09-29 21:10:00,0.01,5608.01
2026-09-29 21:15:00,0.01,5488.0
2026-09-29 21:20:00,0.01,5470.96
2026-09-29 21:25:00,0.01055,5426.08
2026-09-29 21:30:00,0.01055,5419.03
2026-09-29 21:35:00,0.01055,5442.98
2026-09-29 21:40:00,0.01055,5439.1
2026-09-29 21:45:00,0.01055,5382.27
2026-09-29 21:50:00,0.01055,5403.92
2026-09-29 21:55:00,1.43481,5388.64
2026-09-29 22:00:00,0.01,5313.75
2026-09-29 22:05:00,0.01,5257.78
2026-09-29 22:10:00,0.01,5283.46
2026-09-29 22:15:00,0.01,5240.75
2026-09-29 22:20:00,0.01,5133.89
2026-09-29 22:25:00,0.01,5235.94
2026-09-29 22:30:00,0.01055,5311.37
2026-09-29 22:35:00,0.01,5216.66
2026-09-29 22:40:00,0.0103,5283.92
2026-09-29 22:45:00,0.01079,5378.09
2026-09-29 22:50:00,0.01055,5364.56
2026-09-29 22:55:00,0.01,5345.97
2026-09-29 23:00:00,0.0103,5313.05
2026-09-29 23:05:00,0.01,5188.11
2026-09-29 23:10:00,0.01,5101.51
2026-09-29 23:15:00,0.01055,5251.02
2026-09-29 23:20:00,0.01055,5164.57
2026-09-29 23:25:00,9.80026,5324.98
2026-09-29 23:30:00,10.5,5307.83
2026-09-29 23:35:00,8.94,5244.83
2026-09-29 23:40:00,8.94,5181.83
2026-09-29 23:45:00,0.0103,5115.09
2026-09-29 23:50:00,8.94,5108.11
2026-09-29 23:55:00,10.19,5128.32
2026-09-30 00:00:00,8.94,5186.4
2026-09-30 00:05:00,0.01079,5174.21
2026-09-30 00:10:00,7.11119,5058.24
2026-09-30 00:15:00,9.81335,5133.33
2026-09-30 00:20:00,8.94,4995.08
2026-09-30 00:25:00,0.01055,4978.98
2026-09-30 00:30:00,0.01055,5008.9
2026-09-30 00:35:00,8.94,5056.3
2026-09-30 00:40:00,8.94,4985.78
2026-09-30 00:45:00,8.94,5098.92
2026-09-30 00:50:00,8.94,5019.59
2026-09-30 00:55:00,0.01047,4917.47
2026-09-30 01:00:00,0.0103,4948.64
2026-09-30 01:05:00,8.94,5016.51
2026-09-30 01:10:00,8.94,4976.75
2026-09-30 01:15:00,0.01,4920.81
2026-09-30 01:20:00,0.01025,4944.52
2026-09-30 01:25:00,0.01055,4807.87
2026-09-30 01:30:00,0.01,4761.93
2026-09-30 01:35:00,0.01,4719.12
2026-09-30 01:40:00,0.01,4651.41
2026-09-30 01:45:00,0.01,4636.55
2026-09-30 01:50:00,0.01,4665.67
2026-09-30 01:55:00,0.01,4640.52
2026-09-30 02:00:00,0.01,4614.06
2026-09-30 02:05:00,0.01,4632.75
2026-09-30 02:10:00,0.01,4613.91
2026-09-30 02:15:00,0.01,4595.62
2026-09-30 02:20:00,0.01,4503.85
2026-09-30 02:25:00,0.01,4479.1
2026-09-30 02:30:00,0.01,4529.68
2026-09-30 02:35:00,0.01,4482.47
2026-09-30 02:40:00,0.01,4376.08
2026-09-30 02:45:00,0.01,4422.24
2026-09-30 02:50:00,0.01,4405.62
2026-09-30 02:55:00,0.01,4413.49
2026-09-30 03:00:00,0.01,4281.93
2026-09-30 03:05:00,0.01,4236.27
2026-09-30 03:10:00,0.01,4294.09
2026-09-30 03:15:00,0.01,4317.73
2026-09-30 03:20:00,0.01,4349.58
2026-09-30 03:25:00,0.01024,4347.97
2026-09-30 03:30:00,0.01054,4359.03
2026-09-30 03:35:00,0.01024,4305.81
2026-09-30 03:40:00,0.01054,4281.83
2026-09-30 03:45:00,0.01054,4233.81
2026-09-30 03:50:00,0.01054,4273.74
2026-09-30 03:55:00,0.01054,4271.57
2026-09-30 04:00:00,0.01024,4230.73
2026-09-30 04:05:00,0.01054,4231.67
2026-09-30 04:10:00,9.8,4258.12
2026-09-30 04:15:00,8.94,4181.57
2026-09-30 04:20:00,44.3461,4285.63
2026-09-30 04:25:00,10.65,4226.1
2026-09-30 04:30:00,12.54,4262.2
2026-09-30 04:35:00,12.53,4285.0
2026-09-30 04:40:00,10.65994,4314.39
2026-09-30 04:45:00,12.5,4336.61
2026-09-30 04:50:00,10.65,4339.97
2026-09-30 04:55:00,10.65,4347.89
2026-09-30 05:00:00,10.65,4377.52
2026-09-30 05:05:00,10.65,4407.8
2026-09-30 05:10:00,10.69,4476.56
2026-09-30 05:15:00,10.65,4491.42
2026-09-30 05:20:00,10.65,4477.8
2026-09-30 05:25:00,10.65,4535.73
2026-09-30 05:30:00,10.65,4559.32
2026-09-30 05:35:00,10.65,4597.72
2026-09-30 05:40:00,10.65,4663.5
2026-09-30 05:45:00,10.65,4670.08
2026-09-30 05:50:00,10.65,4690.21
2026-09-30 05:55:00,12.96,4732.63
2026-09-30 06:00:00,13.9,4788.19
2026-09-30 06:05:00,0.01041,4788.61
2026-09-30 06:10:00,7.71026,4848.87
2026-09-30 06:15:00,18.18,4893.93
2026-09-30 06:20:00,12.98,4926.25
2026-09-30 06:25:00,12.5,4961.65
2026-09-30 06:30:00,10.28006,4951.66
2026-09-30 06:35:00,8.94,4939.98
2026-09-30 06:40:00,0.01041,4963.36
2026-09-30 06:45:00,10.5,4956.5
2026-09-30 06:50:00,8.94,4979.42
2026-09-30 06:55:00,8.94,4980.53
2026-09-30 07:00:00,10.65,4988.62
2026-09-30 07:05:00,8.94,4994.95
2026-09-30 07:10:00,8.94,4998.56
2026-09-30 07:15:00,10.5,5105.44
2026-09-30 07:20:00,0.01041,5017.42
2026-09-30 07:25:00,0.01,5126.19
2026-09-30 07:30:00,8.94,5171.61
2026-09-30 07:35:00,0.01,5287.23
2026-09-30 07:40:00,0.01024,5340.4
2026-09-30 07:45:00,0.01,5324.76
2026-09-30 07:50:00,0.01079,5336.18
2026-09-30 07:55:00,0.01024,5372.39
2026-09-30 08:00:00,0.01049,5477.72
2026-09-30 08:05:00,13.83735,5543.63
2026-09-30 08:10:00,10.65,5618.7
2026-09-30 08:15:00,10.5,5638.59
2026-09-30 08:20:00,8.94,5548.16
2026-09-30 08:25:00,8.94,5569.44
2026-09-30 08:30:00,0.19,5630.91
2026-09-30 08:35:00,8.94,5574.69
2026-09-30 08:40:00,12.84411,5597.25
2026-09-30 08:45:00,1.36466,5606.85
2026-09-30 08:50:00,8.94,5606.71
2026-09-30 08:55:00,0.19,5725.78
2026-09-30 09:00:00,0.01,5610.11
2026-09-30 09:05:00,0.01025,5691.04
2026-09-30 09:10:00,0.01,5649.27
2026-09-30 09:15:00,0.01,5698.93
2026-09-30 09:20:00,0.01,5695.63
2026-09-30 09:25:00,-0.56,5533.17
2026-09-30 09:30:00,0.01,5904.77
2026-09-30 09:35:00,0.01,5630.6
2026-09-30 09:40:00,-0.56,5620.46
2026-09-30 09:45:00,0.01,6040.67
2026-09-30 09:50:00,0.01,6090.07
2026-09-30 09:55:00,0.01054,5687.51
2026-09-30 10:00:00,9.55561,5953.64
2026-09-30 10:05:00,7.80273,5896.79
2026-09-30 10:10:00,8.94,5938.4
2026-09-30 10:15:00,25.86,5856.76
2026-09-30 10:20:00,12.58631,6013.48
2026-09-30 10:25:00,0.01022,5698.83
2026-09-30 10:30:00,8.93996,5681.17
2026-09-30 10:35:00,25.86,5824.54
2026-09-30 10:40:00,0.00992,5668.28
2026-09-30 10:45:00,0.00992,5755.13
2026-09-30 10:50:00,12.83268,5749.8
2026-09-30 10:55:00,13.23401,5899.76
2026-09-30 11:00:00,0.00992,5632.91
2026-09-30 11:05:00,0.01022,5579.72
2026-09-30 11:10:00,10.65,5833.1
2026-09-30 11:15:00,10.65,5787.3
2026-09-30 11:20:00,12.7008,6006.93
2026-09-30 11:25:00,0.01022,5734.15
2026-09-30 11:30:00,0.00992,5711.95
2026-09-30 11:35:00,8.94,5906.47
2026-09-30 11:40:00,1.23814,5978.03
2026-09-30 11:45:00,0.0103,5952.32
2026-09-30 11:50:00,0.01,5985.97
2026-09-30 11:55:00,0.01,6027.34
2026-09-30 12:00:00,0.01,5808.73
2026-09-30 12:05:00,8.88127,6118.38
2026-09-30 12:10:00,26.83732,6038.87
2026-09-30 12:15:00,27.4,5991.74
2026-09-30 12:20:00,50.01,6119.72
2026-09-30 12:25:00,25.86,5981.86
2026-09-30 12:30:00,50.01,6011.04
2026-09-30 12:35:00,52.35,5879.16
2026-09-30 12:40:00,56.1545,5567.38
2026-09-30 12:45:00,55.72812,5507.3
2026-09-30 12:50:00,39.4,5935.58
2026-09-30 12:55:00,31.08,6008.19
2026-09-30 13:00:00,32.10902,5900.3
2026-09-30 13:05:00,50.01,5833.38
2026-09-30 13:10:00,25.86,6009.99
2026-09-30 13:15:00,12.90814,6124.85
2026-09-30 13:20:00,22.11593,6103.77
2026-09-30 13:25:00,25.86,6050.25
2026-09-30 13:30:00,9.64994,6088.65
2026-09-30 13:35:00,0.00992,6128.58
2026-09-30 13:40:00,9.13996,5853.75
2026-09-30 13:45:00,8.93996,5767.31
2026-09-30 13:50:00,26.60132,6106.57
2026-09-30 13:55:00,28.40422,6122.82
2026-09-30 14:00:00,10.65,5847.77
2026-09-30 14:05:00,28.28724,5875.78
2026-09-30 14:10:00,50.01,5824.48
2026-09-30 14:15:00,50.01,5699.94
2026-09-30 14:20:00,29.74832,5619.84
2026-09-30 14:25:00,29.56706,5624.54
2026-09-30 14:30:00,28.14064,5711.94
2026-09-30 14:35:00,47.08444,5819.89
2026-09-30 14:40:00,47.70163,5639.29
2026-09-30 14:45:00,50.27,5692.24
2026-09-30 14:50:00,27.58206,5755.26
2026-09-30 14:55:00,26.99388,5782.14
2026-09-30 15:00:00,27.43,5748.41
2026-09-30 15:05:00,12.5,5808.61
2026-09-30 15:10:00,10.65,5797.74
2026-09-30 15:15:00,13.49,5734.19
2026-09-30 15:20:00,38.68071,5699.15
2026-09-30 15:25:00,52.35,5745.57
2026-09-30 15:30:00,50.01,5822.22
2026-09-30 15:35:00,64.31,5728.75
2026-09-30 15:40:00,84.51377,5740.88
2026-09-30 15:45:00,85.5971,5697.16
2026-09-30 15:50:00,50.01,5810.71
2026-09-30 15:55:00,49.19466,5706.71
2026-09-30 16:00:00,59.01897,5682.53
2026-09-30 16:05:00,79.6524,5702.43
2026-09-30 16:10:00,90.72553,5725.64
2026-09-30 16:15:00,91.26035,5754.59
2026-09-30 16:20:00,93.17134,5749.84
2026-09-30 16:25:00,112.04196,5739.74
2026-09-30 16:30:00,108.92594,5753.67
2026-09-30 16:35:00,96.99728,5743.5
2026-09-30 16:40:00,95.81,5765.82
2026-09-30 16:45:00,90.08692,5734.0
2026-09-30 16:50:00,96.59724,5709.84
2026-09-30 16:55:00,108.66986,5706.81
2026-09-30 17:00:00,96.43241,5744.9
2026-09-30 17:05:00,91.59199,5711.37
2026-09-30 17:10:00,90.30341,5674.56
2026-09-30 17:15:00,91.29151,5693.78
2026-09-30 17:20:00,89.17613,5762.29
2026-09-30 17:25:00,101.85,5830.59
2026-09-30 17:30:00,104.11763,5882.55
2026-09-30 17:35:00,95.52092,5934.89
2026-09-30 17:40:00,97.66297,5940.08
2026-09-30 17:45:00,100.78423,6034.14
2026-09-30 17:50:00,101.17,6000.59
2026-09-30 17:55:00,99.35,6010.65
2026-09-30 18:00:00,97.18,5981.74
2026-09-30 18:05:00,99.91435,6034.27
2026-09-30 18:10:00,98.35,5979.05
2026-09-30 18:15:00,90.5,5981.47
2026-09-30 18:20:00,101.85,6025.0
2026-09-30 18:25:00,101.85,6106.17
2026-09-30 18:30:00,99.35,6098.01
2026-09-30 18:35:00,98.35,6105.99
2026-09-30 18:40:00,107.27026,6167.04
2026-09-30 18:45:00,98.35,6210.48
2026-09-30 18:50:00,99.35,6186.99
2026-09-30 18:55:00,99.35,6217.2
2026-09-30 19:00:00,101.85,6197.69
2026-09-30 19:05:00,97.45742,6168.66
2026-09-30 19:10:00,90.5,6152.78
2026-09-30 19:15:00,92.60081,6130.71
2026-09-30 19:20:00,93.25663,6109.1
2026-09-30 19:25:00,100.01,6120.93
2026-09-30 19:30:00,96.85228,6130.85
2026-09-30 19:35:00,93.14138,6051.43
2026-09-30 19:40:00,93.1315,6038.28
2026-09-30 19:45:00,94.39475,5992.18
2026-09-30 19:50:00,90.87618,6005.99
2026-09-30 19:55:00,90.5,6027.62
2026-09-30 20:00:00,91.39093,5959.35
2026-09-30 20:05:00,90.70895,5894.84
2026-09-30 20:10:00,93.52171,5877.13
2026-09-30 20:15:00,91.4125,5826.4
2026-09-30 20:20:00,91.81938,5808.15
2026-09-30 20:25:00,90.5,5775.06
2026-09-30 20:30:00,91.20635,5760.39
2026-09-30 20:35:00,91.08483,5712.5
2026-09-30 20:40:00,91.46497,5711.67
2026-09-30 20:45:00,93.19564,5661.25
2026-09-30 20:50:00,92.06813,5636.6
2026-09-30 20:55:00,93.47191,5584.36
2026-09-30 21:00:00,94.34125,5614.39
2026-09-30 21:05:00,94.93413,5655.28
2026-09-30 21:10:00,96.19136,5675.6
2026-09-30 21:15:00,94.05533,5625.33
2026-09-30 21:20:00,93.47228,5582.41
2026-09-30 21:25:00,92.26983,5536.4
2026-09-30 21:30:00,90.5,5482.69
2026-09-30 21:35:00,92.24563,5457.54
2026-09-30 21:40:00,93.74333,5441.83
2026-09-30 21:45:00,94.60976,5441.23
2026-09-30 21:50:00,94.02288,5412.76
2026-09-30 21:55:00,93.75531,5427.85
2026-09-30 22:00:00,93.45763,5402.17
2026-09-30 22:05:00,94.03106,5375.78
2026-09-30 22:10:00,95.79407,5371.03
2026-09-30 22:15:00,99.35,5431.44
2026-09-30 22:20:00,95.0124,5374.47
2026-09-30 22:25:00,94.02111,5324.91
2026-09-30 22:30:00,95.70302,5331.99
2026-09-30 22:35:00,98.3371,5345.6
2026-09-30 22:40:00,98.04334,5234.32
2026-09-30 22:45:00,95.77996,5235.79
2026-09-30 22:50:00,93.72512,5210.21
2026-09-30 22:55:00,94.81958,5196.78
2026-09-30 23:00:00,95.18089,5186.53
2026-09-30 23:05:00,100.18483,5225.23
2026-09-30 23:10:00,102.68103,5348.21
2026-09-30 23:15:00,110.15492,5350.23
2026-09-30 23:20:00,123.18546,5327.01
2026-09-30 23:25:00,99.35,5274.59
2026-09-30 23:30:00,121.19472,5286.82
2026-09-30 23:35:00,122.8033,5360.37
2026-09-30 23:40:00,122.40312,5301.79
2026-09-30 23:45:00,134.31999,5195.39
2026-09-30 23:50:00,135.45196,5228.42
2026-09-30 23:55:00,97.93618,5224.49
2026-10-01 00:00:00,102.79151,5104.25
2026-10-01 00:05:00,110.7071,5105.09
2026-10-01 00:10:00,92.02071,5124.99
2026-10-01 00:15:00,109.07976,5102.51
2026-10-01 00:20:00,108.28152,5009.02
2026-10-01 00:25:00,109.09331,4997.15
2026-10-01 00:30:00,90.76112,4998.98
2026-10-01 00:35:00,96.06204,4980.8
2026-10-01 00:40:00,110.19124,4931.26
2026-10-01 00:45:00,97.88671,4903.12
2026-10-01 00:50:00,95.7361,4840.28
2026-10-01 00:55:00,92.75624,4807.01
2026-10-01 01:00:00,90.5,4816.32
2026-10-01 01:05:00,97.25934,4885.28
2026-10-01 01:10:00,98.50338,4845.41
2026-10-01 01:15:00,94.2373,4761.29
2026-10-01 01:20:00,93.49606,4714.67
2026-10-01 01:25:00,93.25683,4683.45
2026-10-01 01:30:00,92.39767,4631.04
2026-10-01 01:35:00,94.56458,4649.3
2026-10-01 01:40:00,95.37183,4649.37
2026-10-01 01:45:00,95.70075,4678.14
2026-10-01 01:50:00,107.67286,4671.84
2026-10-01 01:55:00,95.64821,4670.81
2026-10-01 02:00:00,95.40544,4647.19
2026-10-01 02:05:00,95.40303,4651.37
2026-10-01 02:10:00,95.17547,4616.69
2026-10-01 02:15:00,94.62352,4582.68
2026-10-01 02:20:00,96.29304,4638.46
2026-10-01 02:25:00,96.07971,4625.12
2026-10-01 02:30:00,94.79223,4546.82
2026-10-01 02:35:00,95.08933,4581.27
2026-10-01 02:40:00,94.6343,4547.2
2026-10-01 02:45:00,93.32949,4517.15
2026-10-01 02:50:00,88.47,4518.31
2026-10-01 02:55:00,88.47,4606.44
2026-10-01 03:00:00,81.62,4613.13
2026-10-01 03:05:00,88.47,4627.26
2026-10-01 03:10:00,90.5,4468.71
2026-10-01 03:15:00,91.17473,4418.63
2026-10-01 03:20:00,90.5,4504.22
2026-10-01 03:25:00,92.07036,4471.89
2026-10-01 03:30:00,90.5,4473.7
2026-10-01 03:35:00,90.51255,4469.87
2026-10-01 03:40:00,93.02344,4405.87
2026-10-01 03:45:00,93.02773,4423.69
2026-10-01 03:50:00,88.47,4503.79
2026-10-01 03:55:00,87.75825,4697.68
2026-10-01 04:00:00,90.5,4429.67
2026-10-01 04:05:00,90.5,4468.97
2026-10-01 04:10:00,90.5,4512.49
2026-10-01 04:15:00,91.57723,4530.84
2026-10-01 04:20:00,90.5,4548.82
2026-10-01 04:25:00,88.47,4596.51
2026-10-01 04:30:00,88.47,4650.02
2026-10-01 04:35:00,80.11325,4788.8
2026-10-01 04:40:00,88.47,4815.6
2026-10-01 04:45:00,84.5781,4728.78
2026-10-01 04:50:00,76.22291,4711.23
2026-10-01 04:55:00,80.4881,4852.48
2026-10-01 05:00:00,84.5345,4751.19
2026-10-01 05:05:00,83.28644,4735.19
2026-10-01 05:10:00,88.47,4722.38
2026-10-01 05:15:00,77.86104,4845.58
2026-10-01 05:20:00,87.4884,4875.08
2026-10-01 05:25:00,88.47,4826.89
2026-10-01 05:30:00,88.47,4747.89
2026-10-01 05:35:00,90.01,4722.55
2026-10-01 05:40:00,86.66595,4952.12
2026-10-01 05:45:00,88.47,4915.81
2026-10-01 05:50:00,83.65493,4956.08
2026-10-01 05:55:00,88.47,5055.41
2026-10-01 06:00:00,88.47,4948.13
2026-10-01 06:05:00,89.723,4893.42
2026-10-01 06:10:00,89.80625,4993.77
2026-10-01 06:15:00,91.31747,5029.39
2026-10-01 06:20:00,88.47,5054.29
2026-10-01 06:25:00,88.47,5099.9
2026-10-01 06:30:00,88.47,5116.38
2026-10-01 06:35:00,89.98458,5015.35
2026-10-01 06:40:00,91.44,5158.21
2026-10-01 06:45:00,91.44,5215.89
2026-10-01 06:50:00,91.44,5220.36
2026-10-01 06:55:00,99.17246,5319.5
2026-10-01 07:00:00,105.74,5346.42
2026-10-01 07:05:00,95.94252,5326.58
2026-10-01 07:10:00,97.47519,5316.19
2026-10-01 07:15:00,114.28204,5322.69
2026-10-01 07:20:00,111.66005,5397.58
2026-10-01 07:25:00,111.67274,5464.12
2026-10-01 07:30:00,148.51,5539.64
2026-10-01 07:35:00,113.18,5511.73
2026-10-01 07:40:00,136.88632,5505.63
2026-10-01 07:45:00,190.47,5592.03
2026-10-01 07:50:00,171.32065,5548.25
2026-10-01 07:55:00,179.18,5562.13
2026-10-01 08:00:00,152.93,5587.5
2026-10-01 08:05:00,183.58538,5571.4
2026-10-01 08:10:00,224.71712,5605.4
2026-10-01 08:15:00,270.18,5674.86
2026-10-01 08:20:00,234.55129,5671.32
2026-10-01 08:25:00,192.94048,5608.15
2026-10-01 08:30:00,181.13466,5659.59
2026-10-01 08:35:00,196.47331,5635.72
2026-10-01 08:40:00,184.74771,5602.37
2026-10-01 08:45:00,158.14213,5685.2
2026-10-01 08:50:00,187.8716,5741.24
2026-10-01 08:55:00,240.78,5766.43
2026-10-01 09:00:00,180.94,5700.79
2026-10-01 09:05:00,267.46214,5688.95
2026-10-01 09:10:00,200.70187,5726.44
2026-10-01 09:15:00,175.35,5769.16
2026-10-01 09:20:00,138.28244,5755.23
2026-10-01 09:25:00,136.20864,5797.51
2026-10-01 09:30:00,136.66835,5837.84
2026-10-01 09:35:00,133.45,5874.12
2026-10-01 09:40:00,133.45,5805.76
2026-10-01 09:45:00,118.82693,5760.93
2026-10-01 09:50:00,119.02965,5798.38
2026-10-01 09:55:00,118.6223,5809.75
2026-10-01 10:00:00,119.37892,5852.73
2026-10-01 10:05:00,133.45,6039.63
2026-10-01 10:10:00,147.60608,6109.15
2026-10-01 10:15:00,149.54675,6142.56
2026-10-01 10:20:00,141.93733,6200.68
2026-10-01 10:25:00,140.39407,6181.93
2026-10-01 10:30:00,141.82271,6225.9
2026-10-01 10:35:00,160.37,6320.98
2026-10-01 10:40:00,245.67,6336.7
2026-10-01 10:45:00,245.72,6413.58
2026-10-01 10:50:00,245.72,6501.23
2026-10-01 10:55:00,133.45,6177.44
2026-10-01 11:00:00,133.45,6142.87
2026-10-01 11:05:00,156.18161,6258.93
2026-10-01 11:10:00,208.23583,6485.32
2026-10-01 11:15:00,155.10067,6526.37
2026-10-01 11:20:00,153.21,6554.3
2026-10-01 11:25:00,153.21,6712.96
2026-10-01 11:30:00,133.45,6725.61
2026-10-01 11:35:00,153.21,6836.34
2026-10-01 11:40:00,153.21,6830.39
2026-10-01 11:45:00,153.35863,6818.66
2026-10-01 11:50:00,133.45,6929.72
2026-10-01 11:55:00,152.0816,6921.98
2026-10-01 12:00:00,133.45,7030.6
2026-10-01 12:05:00,123.91597,7022.2
2026-10-01 12:10:00,151.91162,7021.77
2026-10-01 12:15:00,120.76685,6980.73
2026-10-01 12:20:00,122.30316,7000.75
2026-10-01 12:25:00,133.45,7215.55
2026-10-01 12:30:00,117.67,7133.63
2026-10-01 12:35:00,124.94248,7188.28
2026-10-01 12:40:00,117.77,7042.54
2026-10-01 12:45:00,117.82,7096.98
2026-10-01 12:50:00,97.25726,7163.3
2026-10-01 12:55:00,107.85018,7225.44
2026-10-01 13:00:00,97.88176,7283.01
2026-10-01 13:05:00,98.84993,7240.63
2026-10-01 13:10:00,98.83255,7251.0
2026-10-01 13:15:00,93.32902,7229.44
2026-10-01 13:20:00,76.3938,7225.79
2026-10-01 13:25:00,78.51305,7095.7
2026-10-01 13:30:00,78.6823,7089.11
2026-10-01 13:35:00,92.36674,7066.7
2026-10-01 13:40:00,91.76287,6821.87
2026-10-01 13:45:00,91.75484,6753.0
2026-10-01 13:50:00,93.86,6746.14
2026-10-01 13:55:00,95.12994,6653.71
2026-10-01 14:00:00,99.20007,6669.85
2026-10-01 14:05:00,101.85,6648.2
2026-10-01 14:10:00,109.42431,6450.23
2026-10-01 14:15:00,119.97307,6489.19
2026-10-01 14:20:00,152.93,6434.73
2026-10-01 14:25:00,133.45,6450.26
2026-10-01 14:30:00,138.25573,6499.02
2026-10-01 14:35:00,232.54,6651.55
2026-10-01 14:40:00,270.18,6598.05
2026-10-01 14:45:00,190.47,6394.57
2026-10-01 14:50:00,165.37,6332.63
2026-10-01 14:55:00,129.06,6455.13
2026-10-01 15:00:00,139.16445,6421.57
2026-10-01 15:05:00,184.83731,6400.26
2026-10-01 15:10:00,152.93,6483.38
2026-10-01 15:15:00,159.67,6565.0
2026-10-01 15:20:00,159.67,6589.56
2026-10-01 15:25:00,150.75,6546.71
2026-10-01 15:30:00,135.88825,6527.99
2026-10-01 15:35:00,134.3471,6412.57
2026-10-01 15:40:00,122.21979,6440.33
2026-10-01 15:45:00,131.17786,6448.8
2026-10-01 15:50:00,131.36786,6470.88
2026-10-01 15:55:00,132.4651,6505.15
2026-10-01 16:00:00,134.56686,6549.43
2026-10-01 16:05:00,137.94034,6441.37
2026-10-01 16:10:00,139.02558,6367.08
2026-10-01 16:15:00,121.57467,6419.43
2026-10-01 16:20:00,139.46804,6429.07
2026-10-01 16:25:00,135.22031,6432.0
2026-10-01 16:30:00,144.38578,6459.12
2026-10-01 16:35:00,123.0084,6373.62
2026-10-01 16:40:00,123.01549,6415.86
2026-10-01 16:45:00,118.13597,6417.8
2026-10-01 16:50:00,124.69744,6448.18
2026-10-01 16:55:00,123.6709,6477.55
2026-10-01 17:00:00,133.43223,6480.93
2026-10-01 17:05:00,118.5,6431.9
2026-10-01 17:10:00,119.66451,6388.18
2026-10-01 17:15:00,116.4875,6455.01
2026-10-01 17:20:00,120.6928,6489.41
2026-10-01 17:25:00,123.02761,6483.09
2026-10-01 17:30:00,118.5,6572.09
2026-10-01 17:35:00,118.5,6610.21
2026-10-01 17:40:00,118.5,6645.26
2026-10-01 17:45:00,117.8504,6670.21
2026-10-01 17:50:00,118.5,6664.8
2026-10-01 17:55:00,123.38811,6700.91
2026-10-01 18:00:00,123.08695,6737.26
2026-10-01 18:05:00,114.60317,6700.99
2026-10-01 18:10:00,111.53641,6694.81
2026-10-01 18:15:00,113.18,6696.15
2026-10-01 18:20:00,114.35709,6795.16
2026-10-01 18:25:00,114.5086,6814.92
2026-10-01 18:30:00,103.25955,6774.72
2026-10-01 18:35:00,114.33801,6879.58
2026-10-01 18:40:00,118.02354,6849.12
2026-10-01 18:45:00,118.5,6867.19
2026-10-01 18:50:00,117.69043,6749.36
2026-10-01 18:55:00,121.50339,6751.03
2026-10-01 19:00:00,118.5,6737.81
2026-10-01 19:05:00,118.5,6761.85
2026-10-01 19:10:00,119.96507,6792.1
2026-10-01 19:15:00,118.5,6777.06
2026-10-01 19:20:00,119.58,6770.62
2026-10-01 19:25:00,119.58,6726.96
2026-10-01 19:30:00,118.5,6701.64
2026-10-01 19:35:00,119.39,6634.42
2026-10-01 19:40:00,113.35,6604.42
2026-10-01 19:45:00,120.78499,6632.43
2026-10-01 19:50:00,121.49162,6647.26
2026-10-01 19:55:00,120.32256,6533.14
2026-10-01 20:00:00,119.95837,6593.67
2026-10-01 20:05:00,119.58,6546.98
2026-10-01 20:10:00,120.53381,6539.53
2026-10-01 20:15:00,120.69403,6502.42
2026-10-01 20:20:00,116.45319,6437.21
2026-10-01 20:25:00,114.15491,6391.6
2026-10-01 20:30:00,113.18,6377.15
2026-10-01 20:35:00,122.21987,6410.39
2026-10-01 20:40:00,129.06,6435.04
2026-10-01 20:45:00,124.83074,6382.59
2026-10-01 20:50:00,129.06,6380.93
2026-10-01 20:55:00,122.23135,6363.81
2026-10-01 21:00:00,118.03819,6298.43
2026-10-01 21:05:00,126.04929,6220.97
2026-10-01 21:10:00,129.06,6224.14
2026-10-01 21:15:00,136.76,6226.49
2026-10-01 21:20:00,152.93,6196.07
2026-10-01 21:25:00,121.81187,6158.88
2026-10-01 21:30:00,119.8819,6129.02
2026-10-01 21:35:00,121.01728,6125.34
2026-10-01 21:40:00,121.35671,6069.62
2026-10-01 21:45:00,118.5,5920.39
2026-10-01 21:50:00,118.5,5900.07
2026-10-01 21:55:00,118.5,5932.14
2026-10-01 22:00:00,118.5,5905.06
2026-10-01 22:05:00,116.81495,5775.1
2026-10-01 22:10:00,121.3575,5841.67
2026-10-01 22:15:00,117.97139,5789.62
2026-10-01 22:20:00,116.52016,5770.41
2026-10-01 22:25:00,118.5,5708.32
2026-10-01 22:30:00,116.08466,5648.96
2026-10-01 22:35:00,113.9252,5672.55
2026-10-01 22:40:00,115.36795,5669.26
2026-10-01 22:45:00,118.5,5592.94
2026-10-01 22:50:00,118.5,5568.82
2026-10-01 22:55:00,116.99855,5584.03
2026-10-01 23:00:00,118.5,5574.83
2026-10-01 23:05:00,118.5,5528.18
2026-10-01 23:10:00,129.06,5689.38
2026-10-01 23:15:00,232.54,5790.15
2026-10-01 23:20:00,270.18,5771.01
2026-10-01 23:25:00,152.59262,5665.03
2026-10-01 23:30:00,135.8772,5677.83
2026-10-01 23:35:00,135.46182,5654.14
2026-10-01 23:40:00,121.3155,5592.77
2026-10-01 23:45:00,109.98038,5522.53
2026-10-01 23:50:00,99.39662,5391.05
2026-10-01 23:55:00,118.1525,5419.56
2026-10-02 00:00:00,112.64199,5336.32
2026-10-02 00:05:00,96.2,5365.59
2026-10-02 00:10:00,118.5,5455.88
2026-10-02 00:15:00,120.12991,5411.69
2026-10-02 00:20:00,119.75711,5433.83
2026-10-02 00:25:00,120.51003,5434.07
2026-10-02 00:30:00,120.23997,5379.92
2026-10-02 00:35:00,118.5,5231.6
2026-10-02 00:40:00,117.86,5245.06
2026-10-02 00:45:00,112.53838,5223.97
2026-10-02 00:50:00,118.5,5202.34
2026-10-02 00:55:00,110.81997,5094.59
2026-10-02 01:00:00,100.17609,5096.58
2026-10-02 01:05:00,118.5,5078.29
2026-10-02 01:10:00,118.5,5078.0
2026-10-02 01:15:00,118.5,5062.29
2026-10-02 01:20:00,118.5,4999.08
2026-10-02 01:25:00,118.5,5043.99
2026-10-02 01:30:00,118.5,5015.92
2026-10-02 01:35:00,121.60301,4981.74
2026-10-02 01:40:00,120.83213,4991.47
2026-10-02 01:45:00,118.92767,4967.23
2026-10-02 01:50:00,120.41822,4945.81
2026-10-02 01:55:00,120.35176,4909.83
2026-10-02 02:00:00,119.01383,4807.25
2026-10-02 02:05:00,122.68585,4983.78
2026-10-02 02:10:00,120.78446,4873.44
2026-10-02 02:15:00,136.21668,4764.7
2026-10-02 02:20:00,120.40974,4787.32
2026-10-02 02:25:00,119.63803,4787.88
2026-10-02 02:30:00,118.5,4719.04
2026-10-02 02:35:00,119.25963,4768.93
2026-10-02 02:40:00,117.86,4851.95
2026-10-02 02:45:00,117.64529,4692.64
2026-10-02 02:50:00,116.69928,4673.3
2026-10-02 02:55:00,116.89556,4676.88
2026-10-02 03:00:00,101.4842,4619.38
2026-10-02 03:05:00,93.28162,4598.11
2026-10-02 03:10:00,93.66901,4657.03
2026-10-02 03:15:00,113.65912,4662.46
2026-10-02 03:20:00,112.51803,4700.07
2026-10-02 03:25:00,110.34704,4614.2
2026-10-02 03:30:00,107.84046,4610.85
2026-10-02 03:35:00,94.69245,4603.37
2026-10-02 03:40:00,93.57439,4612.0
2026-10-02 03:45:00,93.36643,4543.53
2026-10-02 03:50:00,93.94077,4554.84
2026-10-02 03:55:00,93.88022,4614.44
2026-10-02 04:00:00,94.53154,4691.02
2026-10-02 04:05:00,95.20891,4740.53
2026-10-02 04:10:00,94.92031,4695.67
2026-10-02 04:15:00,88.76355,4615.37
2026-10-02 04:20:00,88.46693,4635.55
2026-10-02 04:25:00,87.02215,4617.72
2026-10-02 04:30:00,82.18192,4550.53
2026-10-02 04:35:00,81.12878,4516.39
2026-10-02 04:40:00,82.53092,4555.16
2026-10-02 04:45:00,92.19967,4595.21
2026-10-02 04:50:00,89.07311,4634.1
2026-10-02 04:55:00,81.85523,4638.04
2026-10-02 05:00:00,81.45246,4639.75
2026-10-02 05:05:00,80.40741,4691.3
2026-10-02 05:10:00,79.7728,4713.06
2026-10-02 05:15:00,86.64251,4757.97
2026-10-02 05:20:00,85.71141,4749.46
2026-10-02 05:25:00,87.13899,4755.41
2026-10-02 05:30:00,87.15846,4797.38
2026-10-02 05:35:00,92.55424,4936.28
2026-10-02 05:40:00,95.33331,4938.54
2026-10-02 05:45:00,88.57441,4880.56
2026-10-02 05:50:00,88.03329,4868.86
2026-10-02 05:55:00,85.32624,4922.25
2026-10-02 06:00:00,85.6425,5001.37
2026-10-02 06:05:00,68.51671,5037.65
2026-10-02 06:10:00,67.98075,5046.41
2026-10-02 06:15:00,68.27318,5121.08
2026-10-02 06:20:00,73.13209,5165.57
2026-10-02 06:25:00,78.62552,5266.9
2026-10-02 06:30:00,65.0,5323.38
2026-10-02 06:35:00,62.50615,5320.05
2026-10-02 06:40:00,71.16754,5450.68
2026-10-02 06:45:00,70.84923,5430.11
2026-10-02 06:50:00,65.12505,5516.53
2026-10-02 06:55:00,58.50923,5468.66
2026-10-02 07:00:00,65.0,5484.29
2026-10-02 07:05:00,74.36581,5589.67
2026-10-02 07:10:00,75.57224,5613.5
2026-10-02 07:15:00,46.46107,5648.05
2026-10-02 07:20:00,69.63632,5775.12
2026-10-02 07:25:00,73.64002,5774.53
2026-10-02 07:30:00,75.07803,5879.64
2026-10-02 07:35:00,85.93668,5888.2
2026-10-02 07:40:00,85.93981,5866.87
2026-10-02 07:45:00,89.39286,5942.25
2026-10-02 07:50:00,86.50666,5972.57
2026-10-02 07:55:00,87.07953,6079.86
2026-10-02 08:00:00,85.97642,6118.75
2026-10-02 08:05:00,75.24258,6126.24
2026-10-02 08:10:00,84.95185,6183.73
2026-10-02 08:15:00,84.1298,6231.72
2026-10-02 08:20:00,82.80987,6314.09
2026-10-02 08:25:00,90.1487,6368.79
2026-10-02 08:30:00,87.08712,6327.74
2026-10-02 08:35:00,119.6531,6332.97
2026-10-02 08:40:00,115.28081,6370.07
2026-10-02 08:45:00,87.15826,6446.7
2026-10-02 08:50:00,105.67,6534.68
2026-10-02 08:55:00,115.97852,6516.21
2026-10-02 09:00:00,91.64948,6512.66
2026-10-02 09:05:00,85.79678,6626.47
2026-10-02 09:10:00,84.64662,6566.88
2026-10-02 09:15:00,88.49628,6559.07
2026-10-02 09:20:00,86.34402,6521.12
2026-10-02 09:25:00,78.1997,6587.9
2026-10-02 09:30:00,73.84844,6583.47
2026-10-02 09:35:00,64.87648,6523.22
2026-10-02 09:40:00,65.88479,6596.29
2026-10-02 09:45:00,48.14,6563.66
2026-10-02 09:50:00,61.60215,6565.6
2026-10-02 09:55:00,71.31949,6536.79
2026-10-02 10:00:00,67.61584,6521.73
2026-10-02 10:05:00,40.06414,6432.71
2026-10-02 10:10:00,68.70876,6531.89
2026-10-02 10:15:00,60.90513,6565.75
2026-10-02 10:20:00,69.69338,6567.7
2026-10-02 10:25:00,44.36879,6592.14
2026-10-02 10:30:00,59.49874,6641.33
2026-10-02 10:35:00,69.53687,6624.37
2026-10-02 10:40:00,38.53426,6569.71
2026-10-02 10:45:00,49.82569,6594.63
2026-10-02 10:50:00,48.27006,6507.05
2026-10-02 10:55:00,61.96335,6528.42
2026-10-02 11:00:00,60.05721,6490.93
2026-10-02 11:05:00,57.02013,6508.31
2026-10-02 11:10:00,73.11846,6733.6
2026-10-02 11:15:00,48.76164,6665.22
2026-10-02 11:20:00,49.95087,6723.56
2026-10-02 11:25:00,55.56777,6644.27
2026-10-02 11:30:00,42.97784,6575.94
2026-10-02 11:35:00,10.51,6529.37
2026-10-02 11:40:00,6.86,6531.24
2026-10-02 11:45:00,0.01055,6599.35
2026-10-02 11:50:00,6.86,6413.92
2026-10-02 11:55:00,10.50026,6528.33
2026-10-02 12:00:00,10.5,6513.09
2026-10-02 12:05:00,25.13,6545.29
2026-10-02 12:10:00,72.21279,6477.44
2026-10-02 12:15:00,7.94,6476.87
2026-10-02 12:20:00,33.62537,6539.49
2026-10-02 12:25:00,38.38322,6548.16
2026-10-02 12:30:00,50.60182,6486.01
2026-10-02 12:35:00,10.50026,6441.05
2026-10-02 12:40:00,10.50026,6462.09
2026-10-02 12:45:00,36.46336,6573.09
2026-10-02 12:50:00,62.6211,6534.71
2026-10-02 12:55:00,68.81,6551.52
2026-10-02 13:00:00,39.53991,6399.95
2026-10-02 13:05:00,26.86,6477.3
2026-10-02 13:10:00,22.67,6651.75
2026-10-02 13:15:00,31.9988,6720.86
2026-10-02 13:20:00,17.05889,6717.62
2026-10-02 13:25:00,25.13,6781.3
2026-10-02 13:30:00,35.87388,6724.53
2026-10-02 13:35:00,56.55928,6729.88
2026-10-02 13:40:00,34.20299,6695.69
2026-10-02 13:45:00,53.44,6796.11
2026-10-02 13:50:00,6.86,6718.36
2026-10-02 13:55:00,10.5,6675.69
2026-10-02 14:00:00,25.13,6842.18
2026-10-02 14:05:00,26.86,6913.5
2026-10-02 14:10:00,10.50026,6792.68
2026-10-02 14:15:00,20.68,6715.44
2026-10-02 14:20:00,20.68,6841.14
2026-10-02 14:25:00,10.51,6794.49
2026-10-02 14:30:00,25.13,6723.88
2026-10-02 14:35:00,25.13,6717.43
2026-10-02 14:40:00,10.51,6817.42
2026-10-02 14:45:00,9.59191,6757.48
2026-10-02 14:50:00,10.51,6827.47
2026-10-02 14:55:00,10.51,6813.74
2026-10-02 15:00:00,10.51,6849.0
2026-10-02 15:05:00,10.51,6774.07
2026-10-02 15:10:00,10.51,6589.97
2026-10-02 15:15:00,20.68,6616.06
2026-10-02 15:20:00,20.68,6787.03
2026-10-02 15:25:00,10.49974,6655.3
2026-10-02 15:30:00,10.51,6664.25
2026-10-02 15:35:00,9.51,6723.65
2026-10-02 15:40:00,10.51,6801.43
2026-10-02 15:45:00,10.49974,6819.99
2026-10-02 15:50:00,10.49974,6888.42
2026-10-02 15:55:00,10.51,6763.93
2026-10-02 16:00:00,10.5,6718.74
2026-10-02 16:05:00,10.51,6745.32
2026-10-02 16:10:00,10.51,6753.49
2026-10-02 16:15:00,10.50026,6865.19
2026-10-02 16:20:00,11.31314,6781.67
2026-10-02 16:25:00,10.51,6707.45
2026-10-02 16:30:00,6.86,6773.37
2026-10-02 16:35:00,6.86,6799.72
2026-10-02 16:40:00,15.04774,6654.16
2026-10-02 16:45:00,0.0103,6502.69
2026-10-02 16:50:00,10.51,6382.03
2026-10-02 16:55:00,10.51,6376.92
2026-10-02 17:00:00,30.99442,6354.29
2026-10-02 17:05:00,17.58339,6294.19
2026-10-02 17:10:00,10.51,6295.1
2026-10-02 17:15:00,37.05301,6290.81
2026-10-02 17:20:00,34.18,6371.17
2026-10-02 17:25:00,53.44,6423.33
2026-10-02 17:30:00,66.01,6443.8
2026-10-02 17:35:00,66.01,6462.38
2026-10-02 17:40:00,37.37841,6465.62
2026-10-02 17:45:00,73.18,6553.09
2026-10-02 17:50:00,73.18,6471.04
2026-10-02 17:55:00,73.18,6509.36
2026-10-02 18:00:00,72.57246,6578.29
2026-10-02 18:05:00,85.76944,6614.85
2026-10-02 18:10:00,80.69453,6536.76
2026-10-02 18:15:00,86.58301,6555.79
2026-10-02 18:20:00,95.16473,6578.13
2026-10-02 18:25:00,102.58341,6601.1
2026-10-02 18:30:00,108.09,6538.31
2026-10-02 18:35:00,108.18,6579.17
2026-10-02 18:40:00,96.92494,6635.44
2026-10-02 18:45:00,107.58899,6700.17
2026-10-02 18:50:00,108.09,6664.1
2026-10-02 18:55:00,108.09,6674.3
2026-10-02 19:00:00,106.90358,6615.43
2026-10-02 19:05:00,115.3915,6608.25
2026-10-02 19:10:00,114.29734,6493.46
2026-10-02 19:15:00,106.47522,6457.03
2026-10-02 19:20:00,120.771,6517.22
2026-10-02 19:25:00,119.24977,6498.96
2026-10-02 19:30:00,107.8948,6453.3
2026-10-02 19:35:00,124.396,6486.94
2026-10-02 19:40:00,116.66058,6455.94
2026-10-02 19:45:00,94.81992,6429.39
2026-10-02 19:50:00,106.46025,6373.66
2026-10-02 19:55:00,111.36303,6330.13
2026-10-02 20:00:00,108.93846,6366.06
2026-10-02 20:05:00,105.83,6341.38
2026-10-02 20:10:00,101.71352,6306.14
2026-10-02 20:15:00,94.34293,6306.01
2026-10-02 20:20:00,105.73198,6273.75
2026-10-02 20:25:00,105.76,6236.79
2026-10-02 20:30:00,106.95346,6157.79
2026-10-02 20:35:00,101.85,6154.79
2026-10-02 20:40:00,101.70506,6162.06
2026-10-02 20:45:00,93.32958,6049.03
2026-10-02 20:50:00,97.27537,6063.3
2026-10-02 20:55:00,104.61596,6041.89
2026-10-02 21:00:00,108.97265,5980.02
2026-10-02 21:05:00,116.12945,5990.37
2026-10-02 21:10:00,107.54558,6069.77
2026-10-02 21:15:00,111.23739,6086.11
2026-10-02 21:20:00,109.96249,5984.76
2026-10-02 21:25:00,107.46483,5842.99
2026-10-02 21:30:00,96.64219,5859.09
2026-10-02 21:35:00,97.0541,5778.03
2026-10-02 21:40:00,99.5413,5777.52
2026-10-02 21:45:00,98.86615,5745.37
2026-10-02 21:50:00,95.81685,5651.87
2026-10-02 21:55:00,99.61438,5696.03
2026-10-02 22:00:00,98.40175,5673.25
2026-10-02 22:05:00,112.83537,5605.97
2026-10-02 22:10:00,113.09367,5585.22
2026-10-02 22:15:00,110.56201,5514.22
2026-10-02 22:20:00,112.0668,5623.16
2026-10-02 22:25:00,110.57993,5557.05
2026-10-02 22:30:00,107.07522,5527.62
2026-10-02 22:35:00,88.86229,5512.54
2026-10-02 22:40:00,94.25397,5443.48
2026-10-02 22:45:00,106.94655,5454.98
2026-10-02 22:50:00,94.69793,5395.55
2026-10-02 22:55:00,94.9108,5316.67
2026-10-02 23:00:00,86.71767,5380.39
2026-10-02 23:05:00,94.34939,5311.72
2026-10-02 23:10:00,94.82889,5381.5
2026-10-02 23:15:00,95.62473,5483.3
2026-10-02 23:20:00,95.18663,5468.56
2026-10-02 23:25:00,92.5301,5412.18
2026-10-02 23:30:00,86.71869,5328.55
2026-10-02 23:35:00,104.88654,5287.32
2026-10-02 23:40:00,104.99666,5325.85
2026-10-02 23:45:00,95.07004,5224.39
2026-10-02 23:50:00,94.08143,5156.32
2026-10-02 23:55:00,103.56304,5193.5
2026-10-03 00:00:00,93.42824,5129.18
2026-10-03 00:05:00,94.3059,5128.24
2026-10-03 00:10:00,103.58642,5147.22
2026-10-03 00:15:00,88.47,5066.54
2026-10-03 00:20:00,88.26458,5123.34
2026-10-03 00:25:00,85.85846,5051.09
2026-10-03 00:30:00,48.01496,5019.25
2026-10-03 00:35:00,84.18012,5059.41
2026-10-03 00:40:00,65.26671,4983.35
2026-10-03 00:45:00,65.44502,5038.61
2026-10-03 00:50:00,45.35507,5013.51
2026-10-03 00:55:00,43.78377,4973.06
2026-10-03 01:00:00,0.01055,4974.93
2026-10-03 01:05:00,7.49,5031.72
2026-10-03 01:10:00,25.0,4991.19
2026-10-03 01:15:00,0.01,4871.05
2026-10-03 01:20:00,0.01,4864.09
2026-10-03 01:25:00,0.01,4857.84
2026-10-03 01:30:00,0.01,4801.43
2026-10-03 01:35:00,0.01,4776.82
2026-10-03 01:40:00,0.01,4683.68
2026-10-03 01:45:00,0.01,4661.96
2026-10-03 01:50:00,0.01,4702.83
2026-10-03 01:55:00,0.01,4696.22
2026-10-03 02:00:00,0.01,4580.57
2026-10-03 02:05:00,0.01,4646.27
2026-10-03 02:10:00,0.01,4605.84
2026-10-03 02:15:00,0.01,4600.09
2026-10-03 02:20:00,0.01,4566.33
2026-10-03 02:25:00,0.01,4461.98
2026-10-03 02:30:00,0.01,4478.92
2026-10-03 02:35:00,0.01,4513.35
2026-10-03 02:40:00,0.01,4436.38
2026-10-03 02:45:00,0.01,4461.96
2026-10-03 02:50:00,0.01,4472.52
2026-10-03 02:55:00,0.01,4470.22
2026-10-03 03:00:00,3e-05,4428.98
2026-10-03 03:05:00,-0.45114,4422.24
2026-10-03 03:10:00,3e-05,4470.09
2026-10-03 03:15:00,0.00026,4506.17
2026-10-03 03:20:00,-0.56,4418.65
2026-10-03 03:25:00,3e-05,4472.88
2026-10-03 03:30:00,0.00026,4514.14
2026-10-03 03:35:00,0.00026,4554.8
2026-10-03 03:40:00,0.0,4466.46
2026-10-03 03:45:00,-0.56,4373.24
2026-10-03 03:50:00,3e-05,4464.5
2026-10-03 03:55:00,3e-05,4441.44
2026-10-03 04:00:00,3e-05,4448.88
2026-10-03 04:05:00,0.00026,4518.37
2026-10-03 04:10:00,3e-05,4513.95
2026-10-03 04:15:00,-0.56,4484.69
2026-10-03 04:20:00,3e-05,4493.63
2026-10-03 04:25:00,0.00026,4555.34
2026-10-03 04:30:00,0.0,4487.54
2026-10-03 04:35:00,-0.56,4468.07
2026-10-03 04:40:00,-0.56,4502.17
2026-10-03 04:45:00,-0.56,4431.69
2026-10-03 04:50:00,-0.56,4427.34
2026-10-03 04:55:00,-0.56,4435.29
2026-10-03 05:00:00,-0.56,4372.66
2026-10-03 05:05:00,-0.56,4405.13
2026-10-03 05:10:00,-0.56,4447.6
2026-10-03 05:15:00,-0.56,4459.09
2026-10-03 05:20:00,-0.56,4466.14
2026-10-03 05:25:00,-0.50757,4497.24
2026-10-03 05:30:00,-0.48877,4496.45
2026-10-03 05:35:00,0.00013,4449.11
2026-10-03 05:40:00,0.00036,4531.93
2026-10-03 05:45:00,0.00013,4498.68
2026-10-03 05:50:00,0.01,4544.07
2026-10-03 05:55:00,0.00013,4551.41
2026-10-03 06:00:00,-0.56,4506.55
2026-10-03 06:05:00,0.00013,4600.94
2026-10-03 06:10:00,-0.42568,4584.4
2026-10-03 06:15:00,0.00013,4609.13
2026-10-03 06:20:00,-0.56,4532.62
2026-10-03 06:25:00,-0.56,4637.2
2026-10-03 06:30:00,-0.56,4622.35
2026-10-03 06:35:00,-0.56,4644.92
2026-10-03 06:40:00,-0.56,4649.49
2026-10-03 06:45:00,-0.56,4633.31
2026-10-03 06:50:00,-0.56,4623.28
2026-10-03 06:55:00,-0.56,4813.36
2026-10-03 07:00:00,-0.56,4802.99
2026-10-03 07:05:00,-0.56,4732.99
2026-10-03 07:10:00,-5.02251,4710.44
2026-10-03 07:15:00,-4.3603,4812.8
2026-10-03 07:20:00,-0.56,5034.34
2026-10-03 07:25:00,-0.56,5216.09
2026-10-03 07:30:00,-7.51,5204.11
2026-10-03 07:35:00,-7.0,5202.42
2026-10-03 07:40:00,-0.56,5291.98
2026-10-03 07:45:00,-1.91882,5202.89
2026-10-03 07:50:00,-0.56,5179.95
2026-10-03 07:55:00,-4.57409,5179.25
2026-10-03 08:00:00,0.01,5289.14
2026-10-03 08:05:00,0.00026,5300.63
2026-10-03 08:10:00,-7.47394,5014.71
2026-10-03 08:15:00,-7.0,5087.29
2026-10-03 08:20:00,-5.67096,5259.02
2026-10-03 08:25:00,0.01,5411.92
2026-10-03 08:30:00,-0.56,5408.38
2026-10-03 08:35:00,0.01,5389.41
2026-10-03 08:40:00,0.01,5221.07
2026-10-03 08:45:00,0.00026,5237.74
2026-10-03 08:50:00,-0.56,5227.05
2026-10-03 08:55:00,0.01,5221.84
2026-10-03 09:00:00,0.00022,5297.92
2026-10-03 09:05:00,0.01,5446.43
2026-10-03 09:10:00,0.01,5425.46
2026-10-03 09:15:00,0.01,5555.47
2026-10-03 09:20:00,0.01,5569.34
2026-10-03 09:25:00,0.01,5610.64
2026-10-03 09:30:00,0.01,5549.32
2026-10-03 09:35:00,0.01,5486.7
2026-10-03 09:40:00,0.01,5559.35
2026-10-03 09:45:00,0.01,5439.58
2026-10-03 09:50:00,0.01,5385.74
2026-10-03 09:55:00,0.01,5404.55
2026-10-03 10:00:00,0.01,5386.56
2026-10-03 10:05:00,0.01,5535.25
2026-10-03 10:10:00,0.01,5589.1
2026-10-03 10:15:00,3e-05,5528.89
2026-10-03 10:20:00,-0.56,5463.75
2026-10-03 10:25:00,-0.56,5513.75
2026-10-03 10:30:00,-0.56,5410.33
2026-10-03 10:35:00,-0.56,5377.95
2026-10-03 10:40:00,0.01,5454.1
2026-10-03 10:45:00,0.0,5466.21
2026-10-03 10:50:00,0.01,5521.06
2026-10-03 10:55:00,0.0,5546.31
2026-10-03 11:00:00,0.01,5481.97
2026-10-03 11:05:00,0.01,5878.5
2026-10-03 11:10:00,0.19,5938.4
2026-10-03 11:15:00,0.0103,6020.12
2026-10-03 11:20:00,0.01,5900.16
2026-10-03 11:25:00,0.01,5888.29
2026-10-03 11:30:00,0.01,5970.19
2026-10-03 11:35:00,0.01,6099.05
2026-10-03 11:40:00,0.01,6083.29
2026-10-03 11:45:00,0.01,6117.06
2026-10-03 11:50:00,0.01,6050.0
2026-10-03 11:55:00,0.01,6076.05
2026-10-03 12:00:00,0.01,6074.82
2026-10-03 12:05:00,0.01,6008.93
2026-10-03 12:10:00,0.01,6055.32
2026-10-03 12:15:00,0.0103,6209.46
2026-10-03 12:20:00,0.01,6128.45
2026-10-03 12:25:00,0.01,6148.76
2026-10-03 12:30:00,0.01,6109.91
2026-10-03 12:35:00,0.01,6142.56
2026-10-03 12:40:00,0.01,6137.52
2026-10-03 12:45:00,0.01,6238.92
2026-10-03 12:50:00,0.01,6183.55
2026-10-03 12:55:00,0.01,6267.26
2026-10-03 13:00:00,0.01,6270.96
2026-10-03 13:05:00,0.01,6323.4
2026-10-03 13:10:00,-0.56,6111.36
2026-10-03 13:15:00,0.01,6151.51
2026-10-03 13:20:00,0.01,6240.47
2026-10-03 13:25:00,0.01,6142.31
2026-10-03 13:30:00,0.01,6061.94
2026-10-03 13:35:00,0.01,6365.01
2026-10-03 13:40:00,0.01,6366.04
2026-10-03 13:45:00,0.01,6281.23
2026-10-03 13:50:00,0.01,6142.22
2026-10-03 13:55:00,0.01,6228.2
2026-10-03 14:00:00,0.01,6292.94
2026-10-03 14:05:00,0.01,6074.17
2026-10-03 14:10:00,0.01,5998.61
2026-10-03 14:15:00,0.01,5876.29
2026-10-03 14:20:00,-0.56,5744.27
2026-10-03 14:25:00,-4.99,5827.66
2026-10-03 14:30:00,-10.05,5754.45
2026-10-03 14:35:00,-4.99,5866.38
2026-10-03 14:40:00,-4.99,5788.07
2026-10-03 14:45:00,-4.99,5956.02
2026-10-03 14:50:00,-4.99,5790.86
2026-10-03 14:55:00,-7.0,5758.28
2026-10-03 15:00:00,-4.99,5798.04
2026-10-03 15:05:00,-7.0,5755.9
2026-10-03 15:10:00,-44.84,5440.21
2026-10-03 15:15:00,-20.0,5554.26
2026-10-03 15:20:00,-8.01,5678.14
2026-10-03 15:25:00,-8.26,5627.67
2026-10-03 15:30:00,-7.99995,5643.94
2026-10-03 15:35:00,-20.0,5405.02
2026-10-03 15:40:00,-16.54,5482.22
2026-10-03 15:45:00,-44.84,5427.97
2026-10-03 15:50:00,-16.54,5422.51
2026-10-03 15:55:00,-8.26,5538.34
2026-10-03 16:00:00,-13.98733,5515.33
2026-10-03 16:05:00,-8.26,5503.88
2026-10-03 16:10:00,-0.56,5566.5
2026-10-03 16:15:00,-0.56,5572.82
2026-10-03 16:20:00,-7.99995,5574.27
2026-10-03 16:25:00,0.01,5612.91
2026-10-03 16:30:00,-8.38,5432.74
2026-10-03 16:35:00,-8.38,5468.15
2026-10-03 16:40:00,-0.56,5578.32
2026-10-03 16:45:00,0.01,5633.18
2026-10-03 16:50:00,0.01,5665.2
2026-10-03 16:55:00,0.01049,5704.55
2026-10-03 17:00:00,0.01,5724.51
2026-10-03 17:05:00,0.01,5673.14
2026-10-03 17:10:00,4.71817,5673.72
2026-10-03 17:15:00,23.64941,5742.51
2026-10-03 17:20:00,31.58459,5792.89
2026-10-03 17:25:00,10.50026,5858.88
2026-10-03 17:30:00,12.97,5932.34
2026-10-03 17:35:00,60.47168,5904.16
2026-10-03 17:40:00,74.61,5994.9
2026-10-03 17:45:00,73.73,6041.75
2026-10-03 17:50:00,74.61,6078.96
2026-10-03 17:55:00,61.57931,6003.21
2026-10-03 18:00:00,69.1746,6069.38
2026-10-03 18:05:00,74.61,6165.05
2026-10-03 18:10:00,10.5,6190.71
2026-10-03 18:15:00,10.5,6207.89
2026-10-03 18:20:00,10.5,6220.99
2026-10-03 18:25:00,31.30677,6280.4
2026-10-03 18:30:00,12.96,6299.2
2026-10-03 18:35:00,46.20665,6362.78
2026-10-03 18:40:00,47.5347,6271.75
2026-10-03 18:45:00,54.46,6286.92
2026-10-03 18:50:00,63.80523,6281.36
2026-10-03 18:55:00,81.50052,6347.67
2026-10-03 19:00:00,75.5293,6277.19
2026-10-03 19:05:00,75.63,6197.01
2026-10-03 19:10:00,75.5887,6257.45
2026-10-03 19:15:00,74.95803,6229.92
2026-10-03 19:20:00,74.61,6223.68
2026-10-03 19:25:00,74.61,6196.56
2026-10-03 19:30:00,73.09353,6128.73
2026-10-03 19:35:00,54.45,6099.11
2026-10-03 19:40:00,42.18,6116.91
2026-10-03 19:45:00,29.92972,6152.41
2026-10-03 19:50:00,19.1,6115.52
2026-10-03 19:55:00,54.45,6190.0
2026-10-03 20:00:00,54.45,6140.62
2026-10-03 20:05:00,72.52162,6111.61
2026-10-03 20:10:00,74.61,6027.94
2026-10-03 20:15:00,74.61,5960.93
2026-10-03 20:20:00,81.16075,5932.96
2026-10-03 20:25:00,79.40474,5928.12
2026-10-03 20:30:00,79.01018,5855.63
2026-10-03 20:35:00,61.64558,6028.12
2026-10-03 20:40:00,57.99363,5967.61
2026-10-03 20:45:00,54.45,5878.81
2026-10-03 20:50:00,61.13949,6023.09
2026-10-03 20:55:00,62.21606,5892.23
2026-10-03 21:00:00,62.99091,5851.61
2026-10-03 21:05:00,74.61,5854.89
2026-10-03 21:10:00,74.61,5846.41
2026-10-03 21:15:00,74.61,5792.31
2026-10-03 21:20:00,75.69,5866.56
2026-10-03 21:25:00,76.59095,5848.12
2026-10-03 21:30:00,75.63,5827.7
2026-10-03 21:35:00,87.18,5810.93
2026-10-03 21:40:00,78.98028,5728.84
2026-10-03 21:45:00,87.18,5755.33
2026-10-03 21:50:00,92.94314,5574.27
2026-10-03 21:55:00,87.18,5574.27
2026-10-03 22:00:00,92.46543,5690.76
2026-10-03 22:05:00,98.48044,5619.54
2026-10-03 22:10:00,105.74,5652.47
2026-10-03 22:15:00,104.17732,5528.7
2026-10-03 22:20:00,101.85,5552.97
2026-10-03 22:25:00,106.01232,5579.4
2026-10-03 22:30:00,99.96956,5479.12
2026-10-03 22:35:00,99.35,5460.33
2026-10-03 22:40:00,99.35,5499.53
2026-10-03 22:45:00,109.50994,5455.44
2026-10-03 22:50:00,104.88522,5401.63
2026-10-03 22:55:00,109.9236,5449.53
2026-10-03 23:00:00,109.80909,5423.3
2026-10-03 23:05:00,99.35,5386.34
2026-10-03 23:10:00,99.35,5493.84
2026-10-03 23:15:00,106.63109,5575.27
2026-10-03 23:20:00,105.76,5528.36
2026-10-03 23:25:00,101.85,5560.89
2026-10-03 23:30:00,105.67,5540.18
2026-10-03 23:35:00,105.67,5540.06
2026-10-03 23:40:00,114.66429,5437.21
2026-10-03 23:45:00,117.0172,5421.6
2026-10-03 23:50:00,105.67,5391.43
2026-10-03 23:55:00,115.54143,5346.7
2026-10-04 00:00:00,116.21705,5407.74
2026-10-04 00:05:00,112.18,5374.31
2026-10-04 00:10:00,117.93155,5389.3
2026-10-04 00:15:00,115.98922,5291.76
2026-10-04 00:20:00,115.89988,5288.62
2026-10-04 00:25:00,116.28895,5336.05
2026-10-04 00:30:00,106.61834,5228.82
2026-10-04 00:35:00,99.35,5198.41
2026-10-04 00:40:00,114.91215,5228.72
2026-10-04 00:45:00,105.48519,5148.46
2026-10-04 00:50:00,114.30686,5109.07
2026-10-04 00:55:00,115.49011,5151.69
2026-10-04 01:00:00,114.52281,5116.73
2026-10-04 01:05:00,115.70105,5141.16
2026-10-04 01:10:00,119.98855,5128.28
2026-10-04 01:15:00,121.54077,5098.19
2026-10-04 01:20:00,119.53184,4982.13
2026-10-04 01:25:00,118.87132,4977.54
2026-10-04 01:30:00,115.47183,4961.99
2026-10-04 01:35:00,120.50109,5001.45
2026-10-04 01:40:00,118.64178,4893.95
2026-10-04 01:45:00,122.07233,4894.9
2026-10-04 01:50:00,121.0301,4897.39
2026-10-04 01:55:00,119.04918,4791.63
2026-10-04 02:00:00,118.36131,4766.89
2026-10-04 02:05:00,103.48815,4739.35
2026-10-04 02:10:00,103.66475,4718.97
2026-10-04 02:15:00,103.76121,4763.95
2026-10-04 02:20:00,113.36062,4724.25
2026-10-04 02:25:00,95.27193,4682.25
2026-10-04 02:30:00,93.28433,4663.0
2026-10-04 02:35:00,104.3626,4747.19
2026-10-04 02:40:00,115.54027,4743.49
2026-10-04 02:45:00,103.06698,4676.86
2026-10-04 02:50:00,102.4068,4684.41
2026-10-04 02:55:00,101.86078,4665.75
2026-10-04 03:00:00,102.5772,4678.42
2026-10-04 03:05:00,101.3356,4595.48
2026-10-04 03:10:00,101.28891,4593.59
2026-10-04 03:15:00,102.00273,4663.07
2026-10-04 03:20:00,98.37382,4566.25
2026-10-04 03:25:00,100.30876,4570.96
2026-10-04 03:30:00,98.70872,4593.27
2026-10-04 03:35:00,101.68772,4619.79
2026-10-04 03:40:00,103.98142,4618.03
2026-10-04 03:45:00,104.78188,4615.29
2026-10-04 03:50:00,104.58407,4667.04
2026-10-04 03:55:00,103.95214,4653.14
2026-10-04 04:00:00,94.46363,4524.32
2026-10-04 04:05:00,95.22491,4535.79
2026-10-04 04:10:00,120.16344,4844.08
2026-10-04 04:15:00,104.54615,4635.28
2026-10-04 04:20:00,103.02965,4579.67
2026-10-04 04:25:00,102.82814,4574.34
2026-10-04 04:30:00,105.42359,4648.55
2026-10-04 04:35:00,105.09631,4656.65
2026-10-04 04:40:00,106.85464,4664.85
2026-10-04 04:45:00,101.85,4601.15
2026-10-04 04:50:00,101.85,4656.43
2026-10-04 04:55:00,101.85,4665.31
2026-10-04 05:00:00,106.60376,4612.96
2026-10-04 05:05:00,101.85,4609.76
2026-10-04 05:10:00,103.71065,4657.97
2026-10-04 05:15:00,103.03549,4704.8
2026-10-04 05:20:00,111.17,4729.56
2026-10-04 05:25:00,101.85,4651.36
2026-10-04 05:30:00,115.60466,4707.09
2026-10-04 05:35:00,101.35,4715.3
2026-10-04 05:40:00,116.97206,4780.11
2026-10-04 05:45:00,102.69271,4789.35
2026-10-04 05:50:00,101.85,4780.18
2026-10-04 05:55:00,108.48777,4834.35
2026-10-04 06:00:00,96.32306,4820.98
2026-10-04 06:05:00,86.67287,4790.96
2026-10-04 06:10:00,92.96651,4813.23
2026-10-04 06:15:00,107.72199,4911.93
2026-10-04 06:20:00,102.89089,4866.13
2026-10-04 06:25:00,106.78668,4941.39
2026-10-04 06:30:00,98.80964,4868.26
2026-10-04 06:35:00,69.0083,4844.34
2026-10-04 06:40:00,65.0,4876.26
2026-10-04 06:45:00,65.0,4925.74
2026-10-04 06:50:00,66.47076,4913.83
2026-10-04 06:55:00,49.25063,4818.49
2026-10-04 07:00:00,41.4264,4893.92
2026-10-04 07:05:00,34.0,5037.77
2026-10-04 07:10:00,8.18,4907.77
2026-10-04 07:15:00,1.77723,4848.76
2026-10-04 07:20:00,1.07098,4717.05
2026-10-04 07:25:00,0.19792,4806.28
2026-10-04 07:30:00,1.02009,4698.95
2026-10-04 07:35:00,1.1152,4749.9
2026-10-04 07:40:00,1.02022,4707.99
2026-10-04 07:45:00,0.89681,4702.46
2026-10-04 07:50:00,5.03,4634.25
2026-10-04 07:55:00,10.5,4572.75
2026-10-04 08:00:00,10.5,4593.62
2026-10-04 08:05:00,10.5,4576.68
2026-10-04 08:10:00,26.2,4485.12
2026-10-04 08:15:00,10.5,4532.07
2026-10-04 08:20:00,5.03,4482.86
2026-10-04 08:25:00,5.03,4508.66
2026-10-04 08:30:00,1.91315,4431.99
2026-10-04 08:35:00,5.03,4413.14
2026-10-04 08:40:00,1.07906,4450.66
2026-10-04 08:45:00,1.94459,4499.27
2026-10-04 08:50:00,5.03,4426.25
2026-10-04 08:55:00,-8.93198,4416.89
2026-10-04 09:00:00,-8.0,4504.88
2026-10-04 09:05:00,2.2054,4585.04
2026-10-04 09:10:00,10.5,4363.81
2026-10-04 09:15:00,5.03,4349.56
2026-10-04 09:20:00,2.09839,4423.08
2026-10-04 09:25:00,5.03,4465.14
2026-10-04 09:30:00,-8.0,4423.54
2026-10-04 09:35:00,-5.0,4464.63
2026-10-04 09:40:00,5.03,4160.91
2026-10-04 09:45:00,5.03,4201.53
2026-10-04 09:50:00,1.1091,4295.13
2026-10-04 09:55:00,-10.1,4348.79
2026-10-04 10:00:00,-4.99,4229.22
2026-10-04 10:05:00,-0.48978,4111.42
2026-10-04 10:10:00,10.81,4168.54
2026-10-04 10:15:00,-4.99,4293.0
2026-10-04 10:20:00,-4.99,4180.46
2026-10-04 10:25:00,-4.99,4219.59
2026-10-04 10:30:00,10.5,4220.27
2026-10-04 10:35:00,20.22891,4066.01
2026-10-04 10:40:00,25.13,3968.26
2026-10-04 10:45:00,10.81,4241.03
2026-10-04 10:50:00,10.5,4230.24
2026-10-04 10:55:00,25.13,4159.51
2026-10-04 11:00:00,-8.0,4157.85
2026-10-04 11:05:00,-5.0,4163.63
2026-10-04 11:10:00,-4.99989,4126.08
2026-10-04 11:15:00,-4.99,4127.27
2026-10-04 11:20:00,10.81,4137.1
2026-10-04 11:25:00,1.00992,4057.13
2026-10-04 11:30:00,0.19,4085.6
2026-10-04 11:35:00,-4.99,3916.07
2026-10-04 11:40:00,0.19,4508.66
2026-10-04 11:45:00,1.01008,4045.0
2026-10-04 11:50:00,1.17607,4004.39
2026-10-04 11:55:00,1e-05,4021.46
2026-10-04 12:00:00,5e-05,4049.08
2026-10-04 12:05:00,0.93774,4135.71
2026-10-04 12:10:00,1.01008,4123.7
2026-10-04 12:15:00,-4.99,4073.71
2026-10-04 12:20:00,-4.99,4152.47
2026-10-04 12:25:00,5.03,4168.9
2026-10-04 12:30:00,1.01006,4142.59
2026-10-04 12:35:00,5e-05,3987.29
2026-10-04 12:40:00,5e-05,4027.62
2026-10-04 12:45:00,0.19,4216.87
2026-10-04 12:50:00,0.19,4147.06
2026-10-04 12:55:00,-1.4,4226.97
2026-10-04 13:00:00,5e-05,4128.75
2026-10-04 13:05:00,0.69153,4155.66
2026-10-04 13:10:00,0.6942,4062.0
2026-10-04 13:15:00,-8.05,4017.26
2026-10-04 13:20:00,-8.0,4023.14
2026-10-04 13:25:00,-1.76106,4027.29
2026-10-04 13:30:00,-7.0,4019.85
2026-10-04 13:35:00,-8.33,3860.94
2026-10-04 13:40:00,-8.0,3937.44
2026-10-04 13:45:00,-44.35,3882.28
2026-10-04 13:50:00,-8.44,3783.67
2026-10-04 13:55:00,-12.77308,3855.3
2026-10-04 14:00:00,-8.27,3865.39
2026-10-04 14:05:00,11.86,3775.13
2026-10-04 14:10:00,5.05,3838.54
2026-10-04 14:15:00,10.5,4022.65
2026-10-04 14:20:00,5.05,4067.73
2026-10-04 14:25:00,1.01,4106.01
2026-10-04 14:30:00,1.01,3987.3
2026-10-04 14:35:00,5.05,3937.07
2026-10-04 14:40:00,-8.0001,3933.76
2026-10-04 14:45:00,-3e-05,3874.1
2026-10-04 14:50:00,-44.35,3754.31
2026-10-04 14:55:00,-8.0,3537.84
2026-10-04 15:00:00,-44.35,3373.15
2026-10-04 15:05:00,-40.72,3375.23
2026-10-04 15:10:00,-12.78084,3463.76
2026-10-04 15:15:00,-40.8,3441.51
2026-10-04 15:20:00,-44.35,3377.03
2026-10-04 15:25:00,-44.35,3470.99
2026-10-04 15:30:00,-9.62354,3524.8
2026-10-04 15:35:00,-8.01,3568.26
2026-10-04 15:40:00,-8.0,3633.77
2026-10-04 15:45:00,-7.9999,3667.42
2026-10-04 15:50:00,-0.51635,3763.45
2026-10-04 15:55:00,-20.0,3756.93
2026-10-04 16:00:00,-12.06,3850.58
2026-10-04 16:05:00,31.3559,3891.56
2026-10-04 16:10:00,40.86735,3909.16
2026-10-04 16:15:00,40.94909,3955.5
2026-10-04 16:20:00,61.81861,4030.18
2026-10-04 16:25:00,82.07,4148.14
2026-10-04 16:30:00,88.33214,4201.08
2026-10-04 16:35:00,86.25199,4252.87
2026-10-04 16:40:00,88.11996,4326.13
2026-10-04 16:45:00,89.25829,4405.09
2026-10-04 16:50:00,92.60437,4566.67
2026-10-04 16:55:00,93.83404,4682.32
2026-10-04 17:00:00,118.5,4828.0
2026-10-04 17:05:00,96.26587,4905.98
2026-10-04 17:10:00,97.07894,4958.99
2026-10-04 17:15:00,118.82858,4995.25
2026-10-04 17:20:00,132.09932,5094.41
2026-10-04 17:25:00,123.3157,5135.46
2026-10-04 17:30:00,124.2679,5215.83
2026-10-04 17:35:00,122.46632,5349.25
2026-10-04 17:40:00,122.84294,5409.0
2026-10-04 17:45:00,125.53258,5486.09
2026-10-04 17:50:00,128.80552,5584.33
2026-10-04 17:55:00,135.31914,5632.94
2026-10-04 18:00:00,133.62784,5719.53
2026-10-04 18:05:00,127.16902,5691.55
2026-10-04 18:10:00,124.72639,5715.08
2026-10-04 18:15:00,131.90998,5816.34
2026-10-04 18:20:00,132.45767,5893.72
2026-10-04 18:25:00,124.78551,5877.03
2026-10-04 18:30:00,125.06444,5955.5
2026-10-04 18:35:00,127.64205,6002.47
2026-10-04 18:40:00,129.58423,6033.5
2026-10-04 18:45:00,127.52268,6075.26
2026-10-04 18:50:00,125.20693,6029.59
2026-10-04 18:55:00,126.04897,6067.12
2026-10-04 19:00:00,126.89315,6196.21
2026-10-04 19:05:00,124.88324,6171.47
2026-10-04 19:10:00,125.20718,6156.72
2026-10-04 19:15:00,124.85129,6155.18
2026-10-04 19:20:00,124.85039,6154.51
2026-10-04 19:25:00,126.86547,6114.41
2026-10-04 19:30:00,123.18083,6028.49
2026-10-04 19:35:00,123.9948,6069.54
2026-10-04 19:40:00,125.62658,6107.08
2026-10-04 19:45:00,126.44706,6112.08
2026-10-04 19:50:00,125.60349,6058.23
2026-10-04 19:55:00,124.77266,6052.86
2026-10-04 20:00:00,126.01662,6051.43
2026-10-04 20:05:00,124.60904,5961.79
2026-10-04 20:10:00,124.35774,5939.79
2026-10-04 20:15:00,126.00325,5994.04
2026-10-04 20:20:00,124.04077,5896.09
2026-10-04 20:25:00,124.19731,5862.19
2026-10-04 20:30:00,125.57676,5929.09
2026-10-04 20:35:00,124.74821,5902.92
2026-10-04 20:40:00,123.58485,5868.59
2026-10-04 20:45:00,123.57947,5831.0
2026-10-04 20:50:00,121.03,5792.52
2026-10-04 20:55:00,121.03,5786.1
2026-10-04 21:00:00,120.19421,5659.94
2026-10-04 21:05:00,122.81983,5610.59
2026-10-04 21:10:00,125.09309,5638.58
2026-10-04 21:15:00,128.22223,5647.46
2026-10-04 21:20:00,118.5,5521.23
2026-10-04 21:25:00,126.98689,5577.59
2026-10-04 21:30:00,124.72049,5523.82
2026-10-04 21:35:00,125.92253,5528.27
2026-10-04 21:40:00,124.2835,5496.39
2026-10-04 21:45:00,118.5,5329.7
2026-10-04 21:50:00,125.48148,5428.92
2026-10-04 21:55:00,118.5,5242.33
2026-10-04 22:00:00,118.5,5257.91
2026-10-04 22:05:00,123.22412,5193.42
2026-10-04 22:10:00,125.07684,5355.72
2026-10-04 22:15:00,118.5,5255.56
2026-10-04 22:20:00,118.5,5179.66
2026-10-04 22:25:00,118.5,5182.65
2026-10-04 22:30:00,125.46685,5231.84
2026-10-04 22:35:00,118.5,5091.82
2026-10-04 22:40:00,118.5,5135.13
2026-10-04 22:45:00,118.5,5149.89
2026-10-04 22:50:00,119.28879,5129.0
2026-10-04 22:55:00,118.5,5030.92
2026-10-04 23:00:00,119.51577,5044.81
2026-10-04 23:05:00,118.5,5096.0
2026-10-04 23:10:00,124.20856,5235.44
2026-10-04 23:15:00,125.87408,5300.49
2026-10-04 23:20:00,125.43703,5285.29
2026-10-04 23:25:00,120.2158,5278.31
2026-10-04 23:30:00,118.5,5280.8
2026-10-04 23:35:00,125.11114,5295.44
2026-10-04 23:40:00,167.5,5233.63
2026-10-04 23:45:00,167.5,5265.74
2026-10-04 23:50:00,126.6835,5225.08
2026-10-04 23:55:00,130.54983,5219.61
2026-10-05 00:00:00,127.07982,5196.6
2026-10-05 00:05:00,128.32205,5192.5
2026-10-05 00:10:00,147.18,5179.28
2026-10-05 00:15:00,156.59637,5155.71
2026-10-05 00:20:00,141.67114,5070.73
2026-10-05 00:25:00,146.82645,5054.25
2026-10-05 00:30:00,144.67602,5095.02
2026-10-05 00:35:00,167.5,5085.71
2026-10-05 00:40:00,161.32518,5054.65
2026-10-05 00:45:00,146.23386,5028.43
2026-10-05 00:50:00,167.5,5001.69
2026-10-05 00:55:00,158.12843,4980.32
2026-10-05 01:00:00,160.08288,4925.41
2026-10-05 01:05:00,157.92019,4914.17
2026-10-05 01:10:00,167.5,4957.08
2026-10-05 01:15:00,166.20772,4913.89
2026-10-05 01:20:00,155.83,4866.59
2026-10-05 01:25:00,164.98244,4869.9
2026-10-05 01:30:00,167.5,4885.79
2026-10-05 01:35:00,167.5,4871.62
2026-10-05 01:40:00,160.31421,4844.09
2026-10-05 01:45:00,160.37,4785.08
2026-10-05 01:50:00,167.5,4848.79
2026-10-05 01:55:00,167.5,4851.68
2026-10-05 02:00:00,165.39812,4800.6
2026-10-05 02:05:00,167.5,4828.0
2026-10-05 02:10:00,167.5,4832.8
2026-10-05 02:15:00,160.11232,4786.47
2026-10-05 02:20:00,166.71509,4759.76
2026-10-05 02:25:00,155.83,4737.56
2026-10-05 02:30:00,167.5,4737.97
2026-10-05 02:35:00,167.5,4776.41
2026-10-05 02:40:00,170.99126,4809.85
2026-10-05 02:45:00,167.5,4757.57
2026-10-05 02:50:00,169.72519,4777.99
2026-10-05 02:55:00,167.5,4758.35
2026-10-05 03:00:00,167.5,4772.94
2026-10-05 03:05:00,167.5,4664.32
2026-10-05 03:10:00,170.90058,4691.57
2026-10-05 03:15:00,167.5,4655.5
2026-10-05 03:20:00,167.5,4734.88
2026-10-05 03:25:00,167.5,4742.94
2026-10-05 03:30:00,175.35,4783.95
2026-10-05 03:35:00,175.35,4776.5
2026-10-05 03:40:00,205.2045,4761.65
2026-10-05 03:45:00,210.29985,4789.53
2026-10-05 03:50:00,232.18,4917.48
2026-10-05 03:55:00,167.5,4900.1
2026-10-05 04:00:00,167.5,4881.28
2026-10-05 04:05:00,160.32,4934.08
2026-10-05 04:10:00,160.86238,4956.39
2026-10-05 04:15:00,174.48685,5033.88
2026-10-05 04:20:00,175.35,5064.57
2026-10-05 04:25:00,246.84299,5180.08
2026-10-05 04:30:00,171.36828,5081.88
2026-10-05 04:35:00,172.29259,5071.65
2026-10-05 04:40:00,160.32,5066.87
2026-10-05 04:45:00,166.36709,5149.15
2026-10-05 04:50:00,175.67636,5168.24
2026-10-05 04:55:00,232.18,5202.77
2026-10-05 05:00:00,232.18,5258.44
2026-10-05 05:05:00,165.37,5223.31
2026-10-05 05:10:00,206.72,5479.31
2026-10-05 05:15:00,206.72,5521.53
2026-10-05 05:20:00,208.71723,5613.33
2026-10-05 05:25:00,228.24168,5638.38
2026-10-05 05:30:00,206.72,5635.59
2026-10-05 05:35:00,206.78,5702.53
2026-10-05 05:40:00,235.54,5877.59
2026-10-05 05:45:00,240.78,5941.47
2026-10-05 05:50:00,232.54,6005.74
2026-10-05 05:55:00,240.78,6093.49
2026-10-05 06:00:00,272.18,6168.59
2026-10-05 06:05:00,271.83503,6211.7
2026-10-05 06:10:00,272.18,6219.6
2026-10-05 06:15:00,385.62316,6317.01
2026-10-05 06:20:00,305.67,6339.88
2026-10-05 06:25:00,406.11105,6455.95
2026-10-05 06:30:00,319.85054,6440.51
2026-10-05 06:35:00,293.77667,6401.89
2026-10-05 06:40:00,276.37907,6471.75
2026-10-05 06:45:00,305.67,6487.96
2026-10-05 06:50:00,326.03339,6503.83
2026-10-05 06:55:00,314.08847,6480.67
2026-10-05 07:00:00,269.06886,6401.94
2026-10-05 07:05:00,245.67,6359.41
2026-10-05 07:10:00,183.46192,6348.23
2026-10-05 07:15:00,141.17162,6314.75
2026-10-05 07:20:00,146.16262,6236.59
2026-10-05 07:25:00,167.78,6241.63
2026-10-05 07:30:00,140.86,6185.39
2026-10-05 07:35:00,146.16745,6087.32
2026-10-05 07:40:00,119.85776,5980.34
2026-10-05 07:45:00,167.68,5958.3
2026-10-05 07:50:00,142.0,6083.85
2026-10-05 07:55:00,142.0,6111.81
2026-10-05 08:00:00,142.0,6161.04
2026-10-05 08:05:00,105.48,5900.01
2026-10-05 08:10:00,100.45948,5916.18
2026-10-05 08:15:00,105.48,5909.79
2026-10-05 08:20:00,100.5228,5929.86
2026-10-05 08:25:00,105.48,5833.26
2026-10-05 08:30:00,99.94321,5748.92
2026-10-05 08:35:00,98.35345,5698.26
2026-10-05 08:40:00,95.51995,5626.14
2026-10-05 08:45:00,94.30965,5550.52
2026-10-05 08:50:00,97.05159,5553.57
2026-10-05 08:55:00,97.22123,5549.4
2026-10-05 09:00:00,93.14,5526.15
2026-10-05 09:05:00,93.14,5461.36
2026-10-05 09:10:00,93.14,5463.89
2026-10-05 09:15:00,105.48,5435.47
2026-10-05 09:20:00,105.48,5424.57
2026-10-05 09:25:00,80.09232,5466.48
2026-10-05 09:30:00,76.75,5420.79
2026-10-05 09:35:00,88.69102,5246.0
2026-10-05 09:40:00,90.5,5229.54
2026-10-05 09:45:00,90.49008,5184.36
2026-10-05 09:50:00,89.48913,5195.86
2026-10-05 09:55:00,77.34462,5135.08
2026-10-05 10:00:00,73.10269,5115.66
2026-10-05 10:05:00,82.67129,5231.2
2026-10-05 10:10:00,102.45806,5390.27
2026-10-05 10:15:00,105.48,5372.39
2026-10-05 10:20:00,135.48816,5618.47
2026-10-05 10:25:00,134.37148,5602.81
2026-10-05 10:30:00,117.94008,5569.84
2026-10-05 10:35:00,98.38144,5420.86
2026-10-05 10:40:00,118.20402,5467.53
2026-10-05 10:45:00,114.56287,5415.96
2026-10-05 10:50:00,83.21092,5303.66
2026-10-05 10:55:00,81.91102,5263.78
2026-10-05 11:00:00,70.68817,5249.97
2026-10-05 11:05:00,81.7008,5330.05
2026-10-05 11:10:00,81.66303,5348.28
2026-10-05 11:15:00,80.92792,5299.36
2026-10-05 11:20:00,86.27,5472.6
2026-10-05 11:25:00,80.12339,5270.94
2026-10-05 11:30:00,79.87619,5340.01
2026-10-05 11:35:00,80.91605,5399.36
2026-10-05 11:40:00,80.05,5408.11
2026-10-05 11:45:00,81.09449,5478.6
2026-10-05 11:50:00,83.63777,5628.08
2026-10-05 11:55:00,80.50124,5394.07
2026-10-05 12:00:00,80.05,5332.17
2026-10-05 12:05:00,80.05,5297.22
2026-10-05 12:10:00,80.05,5298.5
2026-10-05 12:15:00,81.47811,5421.29
2026-10-05 12:20:00,82.73878,5478.54
2026-10-05 12:25:00,90.89,5437.08
2026-10-05 12:30:00,88.47,5442.37
2026-10-05 12:35:00,88.47,5343.57
2026-10-05 12:40:00,88.47,5325.44
2026-10-05 12:45:00,93.14,5350.97
2026-10-05 12:50:00,88.47,5433.9
2026-10-05 12:55:00,82.9336,5598.66
2026-10-05 13:00:00,69.26926,5575.38
2026-10-05 13:05:00,72.06525,5500.14
2026-10-05 13:10:00,70.55,5495.54
2026-10-05 13:15:00,80.05,5580.45
2026-10-05 13:20:00,84.81837,5651.48
2026-10-05 13:25:00,83.76858,5665.65
2026-10-05 13:30:00,88.47,5482.15
2026-10-05 13:35:00,88.47,5415.04
2026-10-05 13:40:00,88.47,5408.35
2026-10-05 13:45:00,89.99946,5531.68
2026-10-05 13:50:00,90.13069,5586.13
2026-10-05 13:55:00,90.83002,5538.03
2026-10-05 14:00:00,93.14,5372.0
2026-10-05 14:05:00,93.14,5374.9
2026-10-05 14:10:00,93.14,5317.32
2026-10-05 14:15:00,96.86,5244.25
2026-10-05 14:20:00,96.86,5534.24
2026-10-05 14:25:00,96.86,5515.35
2026-10-05 14:30:00,96.86,5569.77
2026-10-05 14:35:00,100.44687,5479.34
2026-10-05 14:40:00,109.73769,5483.7
2026-10-05 14:45:00,110.65288,5576.74
2026-10-05 14:50:00,115.56364,5724.27
2026-10-05 14:55:00,115.85049,5758.64
2026-10-05 15:00:00,117.72245,5719.43
2026-10-05 15:05:00,125.44894,5784.2
2026-10-05 15:10:00,126.81507,5757.18
2026-10-05 15:15:00,118.47,5647.52
2026-10-05 15:20:00,118.48006,5604.58
2026-10-05 15:25:00,120.7007,5643.64
2026-10-05 15:30:00,133.45,5843.0
2026-10-05 15:35:00,121.52727,5803.82
2026-10-05 15:40:00,133.45,5579.54
2026-10-05 15:45:00,134.68,5519.18
2026-10-05 15:50:00,133.45,5387.59
2026-10-05 15:55:00,117.07744,5355.45
2026-10-05 16:00:00,133.45,5293.08
2026-10-05 16:05:00,117.71125,5218.68
2026-10-05 16:10:00,115.5262,5212.29
2026-10-05 16:15:00,116.02619,5233.79
2026-10-05 16:20:00,116.33251,5253.64
2026-10-05 16:25:00,115.5858,5104.0
2026-10-05 16:30:00,119.17007,5326.99
2026-10-05 16:35:00,128.41953,5473.58
2026-10-05 16:40:00,128.67303,5510.03
2026-10-05 16:45:00,118.5,5370.34
2026-10-05 16:50:00,125.58228,5424.52
2026-10-05 16:55:00,121.23095,5491.77
2026-10-05 17:00:00,150.01,5473.08
2026-10-05 17:05:00,117.18025,5488.66
2026-10-05 17:10:00,120.86206,5575.43
2026-10-05 17:15:00,122.74373,5682.91
2026-10-05 17:20:00,125.1201,5746.7
2026-10-05 17:25:00,150.01,5826.23
2026-10-05 17:30:00,150.01,5857.31
2026-10-05 17:35:00,120.41997,5944.03
2026-10-05 17:40:00,120.04517,6066.96
2026-10-05 17:45:00,129.06,6136.46
2026-10-05 17:50:00,135.89,6055.82
2026-10-05 17:55:00,120.44937,5992.25
2026-10-05 18:00:00,160.32,6097.7
2026-10-05 18:05:00,137.45405,6105.72
2026-10-05 18:10:00,127.44832,6074.1
2026-10-05 18:15:00,152.91918,6179.88
2026-10-05 18:20:00,121.42815,6169.2
2026-10-05 18:25:00,135.88928,6247.17
2026-10-05 18:30:00,138.77071,6302.6
2026-10-05 18:35:00,118.05748,6221.69
2026-10-05 18:40:00,130.81463,6277.2
2026-10-05 18:45:00,131.13747,6292.62
2026-10-05 18:50:00,132.77285,6356.42
2026-10-05 18:55:00,132.87641,6336.82
2026-10-05 19:00:00,127.08467,6343.29
2026-10-05 19:05:00,116.99,6393.81
2026-10-05 19:10:00,121.45766,6373.04
2026-10-05 19:15:00,116.99,6265.25
2026-10-05 19:20:00,119.19098,6296.59
2026-10-05 19:25:00,118.30009,6347.5
2026-10-05 19:30:00,128.70932,6336.15
2026-10-05 19:35:00,118.5,6243.22
2026-10-05 19:40:00,120.20135,6283.84
2026-10-05 19:45:00,118.61073,6275.81
2026-10-05 19:50:00,118.5,6244.43
2026-10-05 19:55:00,116.99,6201.23
2026-10-05 20:00:00,116.99,6151.44
2026-10-05 20:05:00,129.26314,6193.33
2026-10-05 20:10:00,122.27228,6164.02
2026-10-05 20:15:00,128.11181,6287.36
2026-10-05 20:20:00,116.99,6132.21
2026-10-05 20:25:00,116.99,6074.84
2026-10-05 20:30:00,116.99,6073.5
2026-10-05 20:35:00,119.05598,6019.77
2026-10-05 20:40:00,121.36751,6024.98
2026-10-05 20:45:00,117.947,5974.8
2026-10-05 20:50:00,116.99,5844.74
2026-10-05 20:55:00,116.99,5864.09
2026-10-05 21:00:00,116.99,5838.15
2026-10-05 21:05:00,116.99,5720.94
2026-10-05 21:10:00,117.14683,5745.39
2026-10-05 21:15:00,117.50041,5716.35
2026-10-05 21:20:00,116.99,5712.48
2026-10-05 21:25:00,127.30529,5634.59
2026-10-05 21:30:00,119.33468,5600.74
2026-10-05 21:35:00,117.09221,5617.79
2026-10-05 21:40:00,126.19399,5556.14
2026-10-05 21:45:00,119.29426,5477.69
2026-10-05 21:50:00,128.30531,5445.98
2026-10-05 21:55:00,128.72187,5389.13
2026-10-05 22:00:00,124.33528,5372.77
2026-10-05 22:05:00,121.19646,5339.4
2026-10-05 22:10:00,140.75286,5246.36
2026-10-05 22:15:00,132.12195,5330.25
2026-10-05 22:20:00,130.48232,5318.04
2026-10-05 22:25:00,161.77063,5269.26
2026-10-05 22:30:00,130.30014,5288.34
2026-10-05 22:35:00,146.3416,5203.06
2026-10-05 22:40:00,146.81787,5187.26
2026-10-05 22:45:00,130.23413,5181.43
2026-10-05 22:50:00,129.19846,5082.76
2026-10-05 22:55:00,127.49163,5075.26
2026-10-05 23:00:00,129.28765,5128.77
2026-10-05 23:05:00,134.56923,5185.78
2026-10-05 23:10:00,146.18,5280.05
2026-10-05 23:15:00,147.95,5283.49
2026-10-05 23:20:00,187.44193,5318.92
2026-10-05 23:25:00,147.28003,5307.77
2026-10-05 23:30:00,123.65217,5253.73
2026-10-05 23:35:00,146.00191,5238.63
2026-10-05 23:40:00,149.95882,5255.21
2026-10-05 23:45:00,126.28872,5227.14
2026-10-05 23:50:00,121.93633,5182.58
2026-10-05 23:55:00,128.47969,5175.69
2026-10-06 00:00:00,126.9635,5124.91
2026-10-06 00:05:00,144.36165,5107.45
2026-10-06 00:10:00,118.5,4993.25
2026-10-06 00:15:00,119.98344,5006.13
2026-10-06 00:20:00,124.85627,5023.75
2026-10-06 00:25:00,143.63261,5030.65
2026-10-06 00:30:00,118.5,4966.7
2026-10-06 00:35:00,118.5,4965.14
2026-10-06 00:40:00,125.60448,4999.91
2026-10-06 00:45:00,118.5,4955.84
2026-10-06 00:50:00,124.64241,4873.18
2026-10-06 00:55:00,121.87396,4905.1
2026-10-06 01:00:00,119.6061,4873.27
2026-10-06 01:05:00,142.35445,4869.58
2026-10-06 01:10:00,117.50914,4852.4
2026-10-06 01:15:00,121.07311,4798.01
2026-10-06 01:20:00,127.5781,4812.0
2026-10-06 01:25:00,120.3073,4783.83
2026-10-06 01:30:00,117.10105,4697.95
2026-10-06 01:35:00,93.89821,4695.46
2026-10-06 01:40:00,95.67717,4678.95
2026-10-06 01:45:00,93.61013,4678.98
2026-10-06 01:50:00,92.66965,4689.53
2026-10-06 01:55:00,88.47,5424.52
2026-10-06 02:00:00,88.47,4694.74
2026-10-06 02:05:00,88.47,4729.35
2026-10-06 02:10:00,88.47,4723.05
2026-10-06 02:15:00,55.29,4718.19
2026-10-06 02:20:00,10.81,4671.58
2026-10-06 02:25:00,65.86,4719.24
2026-10-06 02:30:00,10.81,4659.76
2026-10-06 02:35:00,10.81,4541.58
2026-10-06 02:40:00,81.68,4652.31
2026-10-06 02:45:00,65.86,4655.57
2026-10-06 02:50:00,55.10006,4701.27
2026-10-06 02:55:00,35.94,4621.39
2026-10-06 03:00:00,35.94,4676.03
2026-10-06 03:05:00,10.81,4604.56
2026-10-06 03:10:00,35.94,4728.92
2026-10-06 03:15:00,0.19,4659.29
2026-10-06 03:20:00,10.81,4638.39
2026-10-06 03:25:00,10.81,4603.89
2026-10-06 03:30:00,10.81,4544.37
2026-10-06 03:35:00,10.81,4633.48
2026-10-06 03:40:00,16.65447,4638.33
2026-10-06 03:45:00,10.81,4681.11
2026-10-06 03:50:00,10.81,4678.41
2026-10-06 03:55:00,10.81,4719.58
2026-10-06 04:00:00,19.18,4810.89
2026-10-06 04:05:00,0.01049,4874.58
2026-10-06 04:10:00,0.01049,4964.98
2026-10-06 04:15:00,0.01025,4923.65
2026-10-06 04:20:00,0.01049,5078.31
2026-10-06 04:25:00,9.57,5126.61
2026-10-06 04:30:00,0.01049,5129.96
2026-10-06 04:35:00,0.01,5024.14
2026-10-06 04:40:00,9.5,5240.09
2026-10-06 04:45:00,0.01049,5283.66
2026-10-06 04:50:00,0.01025,5276.51
2026-10-06 04:55:00,0.01025,5332.08
2026-10-06 05:00:00,0.01025,5357.78
2026-10-06 05:05:00,0.01,5216.59
2026-10-06 05:10:00,0.01,5343.55
2026-10-06 05:15:00,0.01,5339.41
2026-10-06 05:20:00,-0.56,5384.68
2026-10-06 05:25:00,39.46548,5466.22
2026-10-06 05:30:00,8.18,5521.48
2026-10-06 05:35:00,8.18,5499.25
2026-10-06 05:40:00,10.5,5597.39
2026-10-06 05:45:00,10.5,5644.22
2026-10-06 05:50:00,12.79141,5699.03
2026-10-06 05:55:00,8.18,5784.23
2026-10-06 06:00:00,30.18,5860.92
2026-10-06 06:05:00,8.18,5847.62
2026-10-06 06:10:00,30.18,6097.18
2026-10-06 06:15:00,56.03719,6174.58
2026-10-06 06:20:00,10.5,6119.99
2026-10-06 06:25:00,9.68,6176.55
2026-10-06 06:30:00,10.5,6253.96
2026-10-06 06:35:00,22.83438,6200.96
2026-10-06 06:40:00,10.5,6112.91
2026-10-06 06:45:00,10.5,6168.63
2026-10-06 06:50:00,0.01,6116.24
2026-10-06 06:55:00,0.01,6160.88
2026-10-06 07:00:00,-4.99,6169.96
2026-10-06 07:05:00,-7.0,6152.68
2026-10-06 07:10:00,-5.0,6070.65
2026-10-06 07:15:00,-10.1,6133.55
2026-10-06 07:20:00,-16.54,6071.93
2026-10-06 07:25:00,-8.26,6026.47
2026-10-06 07:30:00,-0.56,5894.51
2026-10-06 07:35:00,0.00022,5770.66
2026-10-06 07:40:00,-8.26,5814.5
2026-10-06 07:45:00,-7.51,5740.37
2026-10-06 07:50:00,-7.99995,5754.09
2026-10-06 07:55:00,-8.26,5665.92
2026-10-06 08:00:00,-13.74153,5494.34
2026-10-06 08:05:00,-16.54,5446.9
2026-10-06 08:10:00,-10.1,5457.37
2026-10-06 08:15:00,-11.69555,5432.23
2026-10-06 08:20:00,-13.29223,5425.22
2026-10-06 08:25:00,-16.54,5377.55
2026-10-06 08:30:00,-14.38946,5425.76
2026-10-06 08:35:00,-16.54,5304.64
2026-10-06 08:40:00,-8.01,5315.04
2026-10-06 08:45:00,-8.38,5241.76
2026-10-06 08:50:00,-10.67706,5157.24
2026-10-06 08:55:00,-13.70984,5106.27
2026-10-06 09:00:00,-15.13383,5097.19
2026-10-06 09:05:00,-7.9999,4841.39
2026-10-06 09:10:00,-7.51,4898.63
2026-10-06 09:15:00,-8.38,4931.48
2026-10-06 09:20:00,-8.0,5062.08
2026-10-06 09:25:00,-8.0,5024.26
2026-10-06 09:30:00,-8.26,5034.39
2026-10-06 09:35:00,-7.3,5156.14
2026-10-06 09:40:00,-7.3,5243.57
2026-10-06 09:45:00,-7.51,5289.28
2026-10-06 09:50:00,-7.3,5357.32
2026-10-06 09:55:00,-8.0,5347.02
2026-10-06 10:00:00,-7.51,5445.37
2026-10-06 10:05:00,-7.0,5633.15
2026-10-06 10:10:00,-0.56,5835.73
2026-10-06 10:15:00,0.0,5908.77
2026-10-06 10:20:00,0.0,5971.61
2026-10-06 10:25:00,0.0,6005.65
2026-10-06 10:30:00,-0.56,5980.66
2026-10-06 10:35:00,-4.99,6027.9
2026-10-06 10:40:00,-4.86,6087.33
2026-10-06 10:45:00,-0.56,6087.32
2026-10-06 10:50:00,-0.56,6054.0
2026-10-06 10:55:00,-4.86,6060.7
2026-10-06 11:00:00,-8.0,6109.39
2026-10-06 11:05:00,-8.0,6192.47
2026-10-06 11:10:00,-8.0,6031.57
2026-10-06 11:15:00,-5.0,6206.61
2026-10-06 11:20:00,-7.0,6135.93
2026-10-06 11:25:00,-7.0,6184.65
2026-10-06 11:30:00,-7.51,6121.49
2026-10-06 11:35:00,-7.0,6145.3
2026-10-06 11:40:00,-7.3,5962.24
2026-10-06 11:45:00,-7.3,5975.35
2026-10-06 11:50:00,-7.51,5862.15
2026-10-06 11:55:00,-7.51,5918.07
2026-10-06 12:00:00,-7.3,5977.96
2026-10-06 12:05:00,-7.3,5904.8
2026-10-06 12:10:00,-7.51,5923.7
2026-10-06 12:15:00,-7.51,5882.54
2026-10-06 12:20:00,-7.3,6013.02
2026-10-06 12:25:00,-2.85,6062.64
2026-10-06 12:30:00,-7.0,6017.99
2026-10-06 12:35:00,-4.99,6010.92
2026-10-06 12:40:00,0.01,5961.07
2026-10-06 12:45:00,-4.99,5831.51
2026-10-06 12:50:00,-4.99,5871.44
2026-10-06 12:55:00,-4.86,5668.61
2026-10-06 13:00:00,-4.99,5744.18
2026-10-06 13:05:00,-7.0,5829.54
2026-10-06 13:10:00,-7.3,5794.75
2026-10-06 13:15:00,-7.0,5845.16
2026-10-06 13:20:00,-7.0,5827.45
2026-10-06 13:25:00,-7.3,5797.78
2026-10-06 13:30:00,-7.3,5699.72
2026-10-06 13:35:00,-7.0,5750.5
2026-10-06 13:40:00,-7.0,5720.89
2026-10-06 13:45:00,-7.3,5801.51
2026-10-06 13:50:00,-7.3,5692.57
2026-10-06 13:55:00,-7.0,5774.56
2026-10-06 14:00:00,-7.51,5574.17
2026-10-06 14:05:00,-7.3,5825.69
2026-10-06 14:10:00,-7.3,5731.82
2026-10-06 14:15:00,-8.0001,5574.45
2026-10-06 14:20:00,-7.99995,5397.81
2026-10-06 14:25:00,-8.0,5441.54
2026-10-06 14:30:00,-16.54,5404.75
2026-10-06 14:35:00,-19.99,5402.78
2026-10-06 14:40:00,-20.0,5371.3
2026-10-06 14:45:00,-32.23,5402.04
2026-10-06 14:50:00,-19.99,5197.95
2026-10-06 14:55:00,-16.54,5341.59
2026-10-06 15:00:00,-16.54,5304.74
2026-10-06 15:05:00,-16.54,5214.67
2026-10-06 15:10:00,-10.1,5243.54
2026-10-06 15:15:00,-10.1,5330.2
2026-10-06 15:20:00,-14.83292,5346.06
2026-10-06 15:25:00,-10.1,5528.8
2026-10-06 15:30:00,-13.62534,5445.48
2026-10-06 15:35:00,-16.54,5357.96
2026-10-06 15:40:00,-14.86441,5540.06
2026-10-06 15:45:00,-8.38,5406.73
2026-10-06 15:50:00,-8.01,5419.97
2026-10-06 15:55:00,-13.03252,5233.18
2026-10-06 16:00:00,-14.90939,5135.71
2026-10-06 16:05:00,-16.54,5093.97
2026-10-06 16:10:00,-16.54,5136.38
2026-10-06 16:15:00,-16.54,5202.51
2026-10-06 16:20:00,-8.38,5267.38
2026-10-06 16:25:00,-8.01,5382.37
2026-10-06 16:30:00,-7.6981,5421.44
2026-10-06 16:35:00,-0.56,5574.54
2026-10-06 16:40:00,0.00032,5525.76
2026-10-06 16:45:00,0.00034,5618.19
2026-10-06 16:50:00,0.01,5727.52
2026-10-06 16:55:00,0.01,5772.6
2026-10-06 17:00:00,0.01,5864.84
2026-10-06 17:05:00,0.01,5889.14
2026-10-06 17:10:00,2.05592,5768.05
2026-10-06 17:15:00,0.01,5709.12
2026-10-06 17:20:00,0.0103,5764.04
2026-10-06 17:25:00,75.63,5926.64
2026-10-06 17:30:00,65.53337,5927.32
2026-10-06 17:35:00,1.9789,6102.96
2026-10-06 17:40:00,75.63,6062.86
2026-10-06 17:45:00,75.63,6072.25
2026-10-06 17:50:00,82.78593,6074.7
2026-10-06 17:55:00,94.26206,6163.76
2026-10-06 18:00:00,101.85,6215.48
2026-10-06 18:05:00,95.05683,6223.06
2026-10-06 18:10:00,95.9625,6239.99
2026-10-06 18:15:00,102.44273,6251.61
2026-10-06 18:20:00,107.28328,6311.86
2026-10-06 18:25:00,110.48305,6462.01
2026-10-06 18:30:00,108.57284,6391.61
2026-10-06 18:35:00,95.81931,6379.03
2026-10-06 18:40:00,103.34033,6490.8
2026-10-06 18:45:00,105.48,6574.91
2026-10-06 18:50:00,106.78507,6580.98
2026-10-06 18:55:00,107.27047,6643.77
2026-10-06 19:00:00,107.7616,6655.23
2026-10-06 19:05:00,109.73666,6644.44
2026-10-06 19:10:00,106.32196,6584.41
2026-10-06 19:15:00,105.48,6575.03
2026-10-06 19:20:00,105.48,6523.67
2026-10-06 19:25:00,103.26786,6494.55
2026-10-06 19:30:00,101.85,6530.11
2026-10-06 19:35:00,105.48,6516.58
2026-10-06 19:40:00,105.67678,6588.83
2026-10-06 19:45:00,100.97159,6497.94
2026-10-06 19:50:00,100.05759,6476.69
2026-10-06 19:55:00,101.85,6528.86
2026-10-06 20:00:00,96.86422,6514.71
2026-10-06 20:05:00,100.67529,6424.57
2026-10-06 20:10:00,101.85,6509.33
2026-10-06 20:15:00,98.30479,6462.05
2026-10-06 20:20:00,99.29553,6462.87
2026-10-06 20:25:00,98.7481,6432.26
2026-10-06 20:30:00,97.61994,6334.18
2026-10-06 20:35:00,98.03014,6287.37
2026-10-06 20:40:00,99.35793,6268.6
2026-10-06 20:45:00,99.74053,6288.01
2026-10-06 20:50:00,94.65831,6265.22
2026-10-06 20:55:00,95.88062,6181.6
2026-10-06 21:00:00,95.20954,6120.62
2026-10-06 21:05:00,99.63811,6109.95
2026-10-06 21:10:00,99.54713,6040.05
2026-10-06 21:15:00,99.13093,5899.81
2026-10-06 21:20:00,99.73444,5956.14
2026-10-06 21:25:00,95.23411,5903.55
2026-10-06 21:30:00,94.81059,5828.56
2026-10-06 21:35:00,104.54726,5823.99
2026-10-06 21:40:00,104.28985,5798.72
2026-10-06 21:45:00,101.35113,5747.34
2026-10-06 21:50:00,100.95117,5702.44
2026-10-06 21:55:00,100.68308,5587.43
2026-10-06 22:00:00,99.77796,5524.42
2026-10-06 22:05:00,106.186,5538.26
2026-10-06 22:10:00,107.08061,5531.58
2026-10-06 22:15:00,105.36084,5503.99
2026-10-06 22:20:00,104.4389,5394.14
2026-10-06 22:25:00,104.71862,5405.89
2026-10-06 22:30:00,100.04966,5313.81
2026-10-06 22:35:00,105.25421,5326.74
2026-10-06 22:40:00,102.55629,5277.24
2026-10-06 22:45:00,103.25102,5284.6
2026-10-06 22:50:00,101.45617,5190.5
2026-10-06 22:55:00,100.9387,5257.9
2026-10-06 23:00:00,108.27155,5242.38
2026-10-06 23:05:00,104.39105,5265.3
2026-10-06 23:10:00,109.97695,5401.8
2026-10-06 23:15:00,110.04228,5449.98
2026-10-06 23:20:00,108.29308,5343.09
2026-10-06 23:25:00,106.66499,5359.83
2026-10-06 23:30:00,113.24507,5434.27
2026-10-06 23:35:00,105.60755,5394.76
2026-10-06 23:40:00,103.86458,5366.48
2026-10-06 23:45:00,103.7228,5293.69
2026-10-06 23:50:00,107.98074,5326.98
2026-10-06 23:55:00,104.95885,5357.58
2026-10-07 00:00:00,103.23744,5245.35
2026-10-07 00:05:00,103.64148,5299.46
2026-10-07 00:10:00,104.13022,5283.24
2026-10-07 00:15:00,104.77282,5295.64
2026-10-07 00:20:00,103.27859,5184.31
2026-10-07 00:25:00,107.12028,5208.39
2026-10-07 00:30:00,103.25555,5133.62
2026-10-07 00:35:00,103.43031,5123.15
2026-10-07 00:40:00,104.56104,5166.19
2026-10-07 00:45:00,98.88623,5058.92
2026-10-07 00:50:00,101.63259,5101.72
2026-10-07 00:55:00,99.14319,5089.08
2026-10-07 01:00:00,99.18396,5037.1
2026-10-07 01:05:00,108.54688,5143.58
2026-10-07 01:10:00,108.64524,5127.08
2026-10-07 01:15:00,102.63788,5084.48
2026-10-07 01:20:00,102.79405,5067.01
2026-10-07 01:25:00,99.73411,4965.24
2026-10-07 01:30:00,100.87111,4997.41
2026-10-07 01:35:00,100.80949,4938.98
2026-10-07 01:40:00,106.02465,5001.3
2026-10-07 01:45:00,105.18526,4968.4
2026-10-07 01:50:00,102.77834,4926.28
2026-10-07 01:55:00,104.28136,4940.35
2026-10-07 02:00:00,101.5385,4911.79
2026-10-07 02:05:00,105.89208,5135.13
2026-10-07 02:10:00,101.99443,5062.48
2026-10-07 02:15:00,102.605,5144.34
2026-10-07 02:20:00,106.56049,5149.45
2026-10-07 02:25:00,102.32909,5054.0
2026-10-07 02:30:00,102.93924,5132.92
2026-10-07 02:35:00,101.81016,5088.39
2026-10-07 02:40:00,102.87612,5159.02
2026-10-07 02:45:00,106.43096,5160.67
2026-10-07 02:50:00,103.11285,5080.46
2026-10-07 02:55:00,102.30108,5041.77
2026-10-07 03:00:00,103.5282,5025.96
2026-10-07 03:05:00,103.57918,5104.29
2026-10-07 03:10:00,105.87632,5104.42
2026-10-07 03:15:00,108.13312,5093.54
2026-10-07 03:20:00,110.79864,5120.69
2026-10-07 03:25:00,110.6958,5113.01
2026-10-07 03:30:00,110.33266,5069.29
2026-10-07 03:35:00,109.76943,5044.75
2026-10-07 03:40:00,110.99751,5151.93
2026-10-07 03:45:00,111.4137,5120.92
2026-10-07 03:50:00,111.06634,5098.88
2026-10-07 03:55:00,112.21638,5132.8
2026-10-07 04:00:00,111.24377,5139.26
2026-10-07 04:05:00,110.99296,5057.73
2026-10-07 04:10:00,121.76822,5139.48
2026-10-07 04:15:00,122.19134,5141.34
2026-10-07 04:20:00,110.66675,5126.81
2026-10-07 04:25:00,119.43983,5208.74
2026-10-07 04:30:00,127.79673,5219.81
2026-10-07 04:35:00,113.78803,5230.11
2026-10-07 04:40:00,119.46348,5324.99
2026-10-07 04:45:00,115.44529,5410.96
2026-10-07 04:50:00,114.86357,5430.06
2026-10-07 04:55:00,110.81851,5336.32
2026-10-07 05:00:00,113.30032,5385.37
2026-10-07 05:05:00,108.54506,5408.04
2026-10-07 05:10:00,114.25367,5513.14
2026-10-07 05:15:00,112.29749,5586.19
2026-10-07 05:20:00,116.34939,5688.8
2026-10-07 05:25:00,122.19593,5748.09
2026-10-07 05:30:00,114.13401,5859.45
2026-10-07 05:35:00,117.85664,5895.91
2026-10-07 05:40:00,115.1607,5992.09
2026-10-07 05:45:00,115.56894,6057.81
2026-10-07 05:50:00,116.85,6138.83
2026-10-07 05:55:00,115.92685,6189.66
2026-10-07 06:00:00,113.46596,6247.04
2026-10-07 06:05:00,101.85,6317.37
2026-10-07 06:10:00,108.89625,6418.22
2026-10-07 06:15:00,100.83114,6496.36
2026-10-07 06:20:00,98.68,6597.49
2026-10-07 06:25:00,96.10483,6631.88
2026-10-07 06:30:00,98.40689,6661.83
2026-10-07 06:35:00,99.8356,6708.55
2026-10-07 06:40:00,94.21,6704.35
2026-10-07 06:45:00,88.67965,6788.28
2026-10-07 06:50:00,68.75,6760.26
2026-10-07 06:55:00,68.75,6738.4
2026-10-07 07:00:00,64.5,6716.12
2026-10-07 07:05:00,64.5,6704.9
2026-10-07 07:10:00,72.65994,6565.68
2026-10-07 07:15:00,68.44569,6558.24
2026-10-07 07:20:00,68.46549,6442.57
2026-10-07 07:25:00,64.5,6449.7
2026-10-07 07:30:00,64.02,6360.24
2026-10-07 07:35:00,65.26415,6284.47
2026-10-07 07:40:00,67.46139,6298.69
2026-10-07 07:45:00,65.29793,6157.35
2026-10-07 07:50:00,54.1769,6076.89
2026-10-07 07:55:00,58.37904,5959.39
2026-10-07 08:00:00,57.31868,5950.38
2026-10-07 08:05:00,39.79395,5849.0
2026-10-07 08:10:00,64.17818,5803.04
2026-10-07 08:15:00,65.30073,5718.73
2026-10-07 08:20:00,57.91924,5642.25
2026-10-07 08:25:00,0.67,5635.72
2026-10-07 08:30:00,-8.0,5431.88
2026-10-07 08:35:00,0.01,5464.89
2026-10-07 08:40:00,-8.01,5191.22
2026-10-07 08:45:00,-5.09,5267.44
2026-10-07 08:50:00,-7.0,5101.33
2026-10-07 08:55:00,-8.0,5009.52
2026-10-07 09:00:00,-4.99,4973.83
2026-10-07 09:05:00,-4.99,4888.31
2026-10-07 09:10:00,-3.02,4996.45
2026-10-07 09:15:00,-8.26,4843.35
2026-10-07 09:20:00,-5.0,4843.9
2026-10-07 09:25:00,-8.26,4705.56
2026-10-07 09:30:00,-4.99,4694.2
2026-10-07 09:35:00,0.01,4785.22
2026-10-07 09:40:00,-0.56,4612.29
2026-10-07 09:45:00,-4.99,4531.06
2026-10-07 09:50:00,0.01,4457.11
2026-10-07 09:55:00,-5.09,4265.29
2026-10-07 10:00:00,-8.26,4225.48
2026-10-07 10:05:00,-4.99,4228.22
2026-10-07 10:10:00,-4.99,4359.18
2026-10-07 10:15:00,-8.0,4394.65
2026-10-07 10:20:00,-8.38,4248.17
2026-10-07 10:25:00,-8.01,4210.98
2026-10-07 10:30:00,-3.02,4320.0
2026-10-07 10:35:00,-8.38,4233.44
2026-10-07 10:40:00,-10.1,4027.21
2026-10-07 10:45:00,-7.9999,3946.81
2026-10-07 10:50:00,-8.0,3844.64
2026-10-07 10:55:00,-8.0,3990.09
2026-10-07 11:00:00,-8.38,3841.75
2026-10-07 11:05:00,-8.01,3810.13
2026-10-07 11:10:00,-8.01,3863.96
2026-10-07 11:15:00,-8.01,3934.52
2026-10-07 11:20:00,-13.76582,3792.02
2026-10-07 11:25:00,-44.35,3626.57
2026-10-07 11:30:00,-16.54,3704.4
2026-10-07 11:35:00,-20.0,3645.68
2026-10-07 11:40:00,-44.35,3523.2
2026-10-07 11:45:00,-44.35,3559.82
2026-10-07 11:50:00,-17.06,3696.78
2026-10-07 11:55:00,-30.16,3689.62
2026-10-07 12:00:00,-30.19,3730.93
2026-10-07 12:05:00,-17.06,3776.45
2026-10-07 12:10:00,-30.16,3867.51
2026-10-07 12:15:00,-20.0,3732.91
2026-10-07 12:20:00,-17.06,3709.56
2026-10-07 12:25:00,-16.54,3582.99
2026-10-07 12:30:00,-16.54,3646.96
2026-10-07 12:35:00,-8.38,3569.97
2026-10-07 12:40:00,-29.86,3547.83
2026-10-07 12:45:00,-10.1,3595.17
2026-10-07 12:50:00,-8.0,3640.43
2026-10-07 12:55:00,-5.09,3720.92
2026-10-07 13:00:00,-8.0,3535.49
2026-10-07 13:05:00,-10.1,3456.15
2026-10-07 13:10:00,-7.51,3596.49
2026-10-07 13:15:00,-7.9999,3603.78
2026-10-07 13:20:00,-8.0,3624.29
2026-10-07 13:25:00,-3.02,3840.58
2026-10-07 13:30:00,-5.00003,3921.69
2026-10-07 13:35:00,-10.1,3971.76
2026-10-07 13:40:00,-8.0,3861.4
2026-10-07 13:45:00,-8.38,3823.57
2026-10-07 13:50:00,-8.0,3780.37
2026-10-07 13:55:00,-5.09,3962.92
2026-10-07 14:00:00,-8.0,3773.48
2026-10-07 14:05:00,-3.02,3926.46
2026-10-07 14:10:00,-17.06,3827.37
2026-10-07 14:15:00,-8.0,3744.83
2026-10-07 14:20:00,-17.16,3740.53
2026-10-07 14:25:00,-17.06,3859.35
2026-10-07 14:30:00,-8.0,3860.72
2026-10-07 14:35:00,-29.88,3762.57
2026-10-07 14:40:00,-30.2,3774.52
2026-10-07 14:45:00,-30.13,3791.83
2026-10-07 14:50:00,-29.86007,3758.77
2026-10-07 14:55:00,-19.99,3845.75
2026-10-07 15:00:00,-7.51,3785.32
2026-10-07 15:05:00,-9.67,3701.96
2026-10-07 15:10:00,-8.0,3694.56
2026-10-07 15:15:00,-8.0,3787.0
2026-10-07 15:20:00,-8.0,3768.52
2026-10-07 15:25:00,-8.01,3701.0
2026-10-07 15:30:00,-44.35,3694.91
2026-10-07 15:35:00,-7.51,3857.55
2026-10-07 15:40:00,-7.3,3909.46
2026-10-07 15:45:00,-7.71543,3941.43
2026-10-07 15:50:00,0.19,4092.53
2026-10-07 15:55:00,0.01,4122.91
2026-10-07 16:00:00,0.19,4203.67
2026-10-07 16:05:00,0.01,4303.42
2026-10-07 16:10:00,0.01,3841.75
2026-10-07 16:15:00,0.01,4402.5
2026-10-07 16:20:00,6.16619,4531.12
2026-10-07 16:25:00,10.5,4614.81
2026-10-07 16:30:00,12.98,4732.66
2026-10-07 16:35:00,15.9101,4760.95
2026-10-07 16:40:00,41.01,4833.02
2026-10-07 16:45:00,94.2964,4863.39
2026-10-07 16:50:00,88.47,4997.79
2026-10-07 16:55:00,101.85,3841.75
2026-10-07 17:00:00,104.9562,5216.91
2026-10-07 17:05:00,94.40906,5279.84
2026-10-07 17:10:00,101.12807,5318.85
2026-10-07 17:15:00,99.52677,5352.56
2026-10-07 17:20:00,111.07892,5475.59
2026-10-07 17:25:00,113.66901,5568.69
2026-10-07 17:30:00,118.18,5628.41
2026-10-07 17:35:00,115.85061,5698.41
2026-10-07 17:40:00,112.33071,5674.01
2026-10-07 17:45:00,113.46083,5720.67
2026-10-07 17:50:00,118.18,5848.02
2026-10-07 17:55:00,120.79132,5897.22
2026-10-07 18:00:00,118.18,5884.09
2026-10-07 18:05:00,113.56172,5999.96
2026-10-07 18:10:00,116.81396,6041.41
2026-10-07 18:15:00,112.56109,6058.12
2026-10-07 18:20:00,111.71937,6078.4
2026-10-07 18:25:00,111.3848,6046.65
2026-10-07 18:30:00,109.4237,6109.74
2026-10-07 18:35:00,109.33235,6202.47
2026-10-07 18:40:00,111.07707,6229.94
2026-10-07 18:45:00,102.23,6209.44
2026-10-07 18:50:00,103.69237,6252.1
2026-10-07 18:55:00,109.25245,6298.23
2026-10-07 19:00:00,102.68009,6368.35
2026-10-07 19:05:00,101.85258,6240.16
2026-10-07 19:10:00,111.58088,6306.37
2026-10-07 19:15:00,102.85404,6358.52
2026-10-07 19:20:00,101.85,6359.54
2026-10-07 19:25:00,100.39814,6305.44
2026-10-07 19:30:00,101.85,6345.37
2026-10-07 19:35:00,99.39978,6347.72
2026-10-07 19:40:00,98.82875,6354.17
2026-10-07 19:45:00,97.43176,6333.09
2026-10-07 19:50:00,97.45153,6240.83
2026-10-07 19:55:00,99.0083,6218.22
2026-10-07 20:00:00,98.0918,6258.69
2026-10-07 20:05:00,103.72019,6277.16
2026-10-07 20:10:00,103.75177,6238.96
2026-10-07 20:15:00,101.85,6179.8
2026-10-07 20:20:00,101.85,6132.06
2026-10-07 20:25:00,101.58096,6158.17
2026-10-07 20:30:00,100.03728,6141.85
2026-10-07 20:35:00,104.83517,6025.25
2026-10-07 20:40:00,94.21,5994.82
2026-10-07 20:45:00,101.62471,5951.94
2026-10-07 20:50:00,113.62684,5952.83
2026-10-07 20:55:00,96.58321,5941.08
2026-10-07 21:00:00,95.81671,5861.59
2026-10-07 21:05:00,111.98,5869.0
2026-10-07 21:10:00,110.94115,5803.31
2026-10-07 21:15:00,95.59252,5771.93
2026-10-07 21:20:00,101.8896,5770.75
2026-10-07 21:25:00,96.32476,5640.3
2026-10-07 21:30:00,96.30888,5639.43
2026-10-07 21:35:00,100.5,5580.36
2026-10-07 21:40:00,103.39293,5574.6
2026-10-07 21:45:00,96.82767,5506.14
2026-10-07 21:50:00,94.86217,5490.16
2026-10-07 21:55:00,88.52982,5442.61
2026-10-07 22:00:00,88.80874,5465.22
2026-10-07 22:05:00,100.5,5421.47
2026-10-07 22:10:00,95.42736,5338.0
2026-10-07 22:15:00,98.51513,5374.71
2026-10-07 22:20:00,95.79729,5339.48
2026-10-07 22:25:00,96.29983,5317.41
2026-10-07 22:30:00,86.59449,5302.7
2026-10-07 22:35:00,91.3047,5294.84
2026-10-07 22:40:00,88.50551,5184.96
2026-10-07 22:45:00,89.21982,5194.19
2026-10-07 22:50:00,87.50267,5138.04
2026-10-07 22:55:00,88.36148,5179.01
2026-10-07 23:00:00,89.97488,5210.18
2026-10-07 23:05:00,95.53778,5231.0
2026-10-07 23:10:00,104.36637,5382.47
2026-10-07 23:15:00,106.27646,5400.83
2026-10-07 23:20:00,100.5,5410.27
2026-10-07 23:25:00,96.88016,5351.01
2026-10-07 23:30:00,98.68,5416.86
2026-10-07 23:35:00,88.86882,3841.75
2026-10-07 23:40:00,100.5,5293.25
2026-10-07 23:45:00,89.0,5321.39
2026-10-07 23:50:00,95.12475,5301.55
2026-10-07 23:55:00,89.02295,5272.17
2026-10-08 00:00:00,88.52079,5248.38
2026-10-08 00:05:00,100.5,3841.75
2026-10-08 00:10:00,100.30189,5136.11
2026-10-08 00:15:00,100.5,3841.75
2026-10-08 00:20:00,84.49699,5154.17
2026-10-08 00:25:00,91.05006,5118.01
2026-10-08 00:30:00,84.22614,3841.75
2026-10-08 00:35:00,100.5,5065.89
2026-10-08 00:40:00,86.09407,5065.07
2026-10-08 00:45:00,83.9428,4976.93
2026-10-08 00:50:00,90.41987,4977.34
2026-10-08 00:55:00,93.35567,5009.42
2026-10-08 01:00:00,91.59122,4944.66
2026-10-08 01:05:00,92.84124,4967.16
2026-10-08 01:10:00,93.57889,4952.71
2026-10-08 01:15:00,92.89822,4940.33
2026-10-08 01:20:00,92.87794,4940.0
2026-10-08 01:25:00,83.41462,4851.16
2026-10-08 01:30:00,92.80224,4852.91
2026-10-08 01:35:00,92.20012,4846.3
2026-10-08 01:40:00,95.77231,4830.51
2026-10-08 01:45:00,93.56116,4793.19
2026-10-08 01:50:00,92.97989,4793.18
2026-10-08 01:55:00,92.2572,4776.55
2026-10-08 02:00:00,92.90557,4780.18
2026-10-08 02:05:00,93.66634,4774.54
2026-10-08 02:10:00,98.68,4838.15
2026-10-08 02:15:00,103.47853,4850.28
2026-10-08 02:20:00,98.68,4791.89
2026-10-08 02:25:00,97.81833,4810.22
2026-10-08 02:30:00,94.34184,4791.1
2026-10-08 02:35:00,97.39481,4792.3
2026-10-08 02:40:00,102.78556,4811.69
2026-10-08 02:45:00,102.77144,4792.8
2026-10-08 02:50:00,98.75,4779.96
2026-10-08 02:55:00,97.19002,4726.26
2026-10-08 03:00:00,97.11197,4721.2
2026-10-08 03:05:00,96.25186,4714.44
2026-10-08 03:10:00,102.71678,4790.13
2026-10-08 03:15:00,110.25832,4807.41
2026-10-08 03:20:00,97.72862,4723.79
2026-10-08 03:25:00,103.55681,4816.21
2026-10-08 03:30:00,104.10464,4811.74
2026-10-08 03:35:00,110.28561,4829.48
2026-10-08 03:40:00,103.22846,4871.9
2026-10-08 03:45:00,102.95882,4817.34
2026-10-08 03:50:00,98.68,4861.57
2026-10-08 03:55:00,110.13019,4885.04
2026-10-08 04:00:00,105.58784,4828.45
2026-10-08 04:05:00,111.15282,4928.21
2026-10-08 04:10:00,104.32559,4973.99
2026-10-08 04:15:00,119.46906,5016.52
2026-10-08 04:20:00,113.61036,5048.91
2026-10-08 04:25:00,98.68,4987.19
2026-10-08 04:30:00,90.87787,5012.06
2026-10-08 04:35:00,98.68,5028.59
2026-10-08 04:40:00,92.99438,5084.13
2026-10-08 04:45:00,92.90235,5120.61
2026-10-08 04:50:00,98.34033,5162.18
2026-10-08 04:55:00,103.86992,5244.7
2026-10-08 05:00:00,105.2713,5301.93
2026-10-08 05:05:00,93.88218,5347.27
2026-10-08 05:10:00,111.64336,5465.17
2026-10-08 05:15:00,106.70957,5572.6
2026-10-08 05:20:00,111.13127,5640.62
2026-10-08 05:25:00,101.85,5670.94
2026-10-08 05:30:00,101.85,5800.73
2026-10-08 05:35:00,115.21743,5853.29
2026-10-08 05:40:00,113.04708,5915.29
2026-10-08 05:45:00,127.70405,5972.61
2026-10-08 05:50:00,108.01828,6022.98
2026-10-08 05:55:00,128.76754,6103.01
2026-10-08 06:00:00,112.00376,6163.34
2026-10-08 06:05:00,114.21385,6248.72
2026-10-08 06:10:00,100.50678,6379.57
2026-10-08 06:15:00,98.92461,6445.82
2026-10-08 06:20:00,89.0,6529.92
2026-10-08 06:25:00,94.77599,6539.09
2026-10-08 06:30:00,71.59,6566.93
2026-10-08 06:35:00,63.18,6518.5
2026-10-08 06:40:00,58.09019,6554.88
2026-10-08 06:45:00,46.40512,6506.54
2026-10-08 06:50:00,32.18,6500.17
2026-10-08 06:55:00,10.49974,6488.66
2026-10-08 07:00:00,1.59378,6401.07
2026-10-08 07:05:00,10.5,6352.34
2026-10-08 07:10:00,32.18,6208.63
2026-10-08 07:15:00,0.01049,6092.67
2026-10-08 07:20:00,-0.56,6054.8
2026-10-08 07:25:00,-8.26,5959.68
2026-10-08 07:30:00,0.0,5893.05
2026-10-08 07:35:00,-3.85961,5820.18
2026-10-08 07:40:00,-3.18,5685.07
2026-10-08 07:45:00,-7.51,5578.93
2026-10-08 07:50:00,-7.0,5494.06
2026-10-08 07:55:00,-7.0,5369.97
2026-10-08 08:00:00,-5.0,5312.35
2026-10-08 08:05:00,-8.0,5182.06
2026-10-08 08:10:00,-8.0,5178.93
2026-10-08 08:15:00,-8.0,5161.12
2026-10-08 08:20:00,-8.0001,5066.13
2026-10-08 08:25:00,-8.0001,4949.08
2026-10-08 08:30:00,-8.0,4885.31
2026-10-08 08:35:00,-8.26,4763.06
2026-10-08 08:40:00,-8.01,4602.87
2026-10-08 08:45:00,-8.01,4619.09
2026-10-08 08:50:00,-8.38,4558.35
2026-10-08 08:55:00,-8.38,4452.92
2026-10-08 09:00:00,-16.54,4303.82
2026-10-08 09:05:00,-12.06009,4371.67
2026-10-08 09:10:00,-19.99,4276.85
2026-10-08 09:15:00,-19.99,4186.87
2026-10-08 09:20:00,-30.16,4227.59
2026-10-08 09:25:00,-35.71,4182.47
2026-10-08 09:30:00,-30.16,4135.86
2026-10-08 09:35:00,-30.16,4155.32
2026-10-08 09:40:00,-30.16,4075.32
2026-10-08 09:45:00,-30.16,4158.25
2026-10-08 09:50:00,-19.9,4134.35
2026-10-08 09:55:00,-30.16,4201.62
2026-10-08 10:00:00,-20.0,4093.41
2026-10-08 10:05:00,-27.65009,4115.06
2026-10-08 10:10:00,-20.0,4155.43
2026-10-08 10:15:00,-30.16,4177.95
2026-10-08 10:20:00,-30.18,4139.23
2026-10-08 10:25:00,-31.99018,4194.73
2026-10-08 10:30:00,-30.16,4159.02
2026-10-08 10:35:00,-39.86,4321.59
2026-10-08 10:40:00,-39.86,4180.62
2026-10-08 10:45:00,-30.16,4065.44
2026-10-08 10:50:00,-39.86,4196.1
2026-10-08 10:55:00,-38.46519,4142.44
2026-10-08 11:00:00,-39.86,4264.1
2026-10-08 11:05:00,-44.84,4201.95
2026-10-08 11:10:00,-44.84,4216.16
2026-10-08 11:15:00,-39.86,4122.23
2026-10-08 11:20:00,-39.86,4080.96
2026-10-08 11:25:00,-44.84,4102.91
2026-10-08 11:30:00,-39.86,4081.71
2026-10-08 11:35:00,-44.84,4066.11
2026-10-08 11:40:00,-44.84,3938.87
2026-10-08 11:45:00,-44.84,3954.56
2026-10-08 11:50:00,-44.84,3921.07
2026-10-08 11:55:00,-39.86,3906.15
2026-10-08 12:00:00,-44.84,3859.97
2026-10-08 12:05:00,-44.84,3864.45
2026-10-08 12:10:00,-42.7824,3945.84
2026-10-08 12:15:00,-44.84,3910.38
2026-10-08 12:20:00,-44.84,3984.27
2026-10-08 12:25:00,-44.84,3921.37
2026-10-08 12:30:00,-44.84,3828.39
2026-10-08 12:35:00,-44.84,3895.12
2026-10-08 12:40:00,-45.0,3806.45
2026-10-08 12:45:00,-44.84,3761.36
2026-10-08 12:50:00,-49.09506,3747.61
2026-10-08 12:55:00,-44.84,3794.7
2026-10-08 13:00:00,-44.84,3976.01
2026-10-08 13:05:00,-44.84,3798.07
2026-10-08 13:10:00,-44.84,3757.91
2026-10-08 13:15:00,-30.16,3890.98
2026-10-08 13:20:00,-26.7283,4010.15
2026-10-08 13:25:00,-44.84,4044.84
2026-10-08 13:30:00,-44.84,3939.54
2026-10-08 13:35:00,-20.0,4069.77
2026-10-08 13:40:00,-44.84,4190.27
2026-10-08 13:45:00,-30.16,4132.98
2026-10-08 13:50:00,-30.16,4134.79
2026-10-08 13:55:00,-44.84,4212.57
2026-10-08 14:00:00,-39.86,4006.43
2026-10-08 14:05:00,-16.54,3950.81
2026-10-08 14:10:00,-39.86,3816.45
2026-10-08 14:15:00,-44.84,3756.03
2026-10-08 14:20:00,-39.86,3722.79
2026-10-08 14:25:00,-30.16,3705.23
2026-10-08 14:30:00,-44.84,3653.11
2026-10-08 14:35:00,-44.84,3777.66
2026-10-08 14:40:00,-44.84,3728.7
2026-10-08 14:45:00,-44.84,3734.0
2026-10-08 14:50:00,-44.84,3617.06
2026-10-08 14:55:00,-44.84,3702.38
2026-10-08 15:00:00,-44.84,3697.32
2026-10-08 15:05:00,-60.0,3446.96
2026-10-08 15:10:00,-44.84,3528.86
2026-10-08 15:15:00,-50.01,3601.17
2026-10-08 15:20:00,-20.0,3727.64
2026-10-08 15:25:00,-44.84,3740.99
2026-10-08 15:30:00,-20.0,3768.15
2026-10-08 15:35:00,-33.80081,3898.46
2026-10-08 15:40:00,-42.81662,3998.35
2026-10-08 15:45:00,-44.47472,4100.29
2026-10-08 15:50:00,-28.48,4133.04
2026-10-08 15:55:00,-10.1,4236.05
2026-10-08 16:00:00,-8.0,4317.7
2026-10-08 16:05:00,-9.80895,4374.09
2026-10-08 16:10:00,-12.82547,4304.75
2026-10-08 16:15:00,-8.01,4402.11
2026-10-08 16:20:00,-8.38,4478.23
2026-10-08 16:25:00,-7.51,4547.29
2026-10-08 16:30:00,-7.3,4657.88
2026-10-08 16:35:00,-0.54557,4747.18
2026-10-08 16:40:00,-3.7,4850.3
2026-10-08 16:45:00,0.01024,5017.14
2026-10-08 16:50:00,0.01049,4998.33
2026-10-08 16:55:00,33.57398,5067.93
2026-10-08 17:00:00,98.68,5114.3
2026-10-08 17:05:00,87.1928,5163.73
2026-10-08 17:10:00,18.13709,5087.98
2026-10-08 17:15:00,20.0835,5162.89
2026-10-08 17:20:00,33.88,5303.15
2026-10-08 17:25:00,64.99,5360.95
2026-10-08 17:30:00,73.28,5544.96
2026-10-08 17:35:00,0.01024,5569.99
2026-10-08 17:40:00,24.2,5621.22
2026-10-08 17:45:00,21.05596,5617.62
2026-10-08 17:50:00,32.18,5600.34
2026-10-08 17:55:00,54.66078,5760.39
2026-10-08 18:00:00,51.72297,5768.52
2026-10-08 18:05:00,33.88,5797.68
2026-10-08 18:10:00,33.88,5828.55
2026-10-08 18:15:00,33.88,5797.54
2026-10-08 18:20:00,33.88,5824.9
2026-10-08 18:25:00,32.18,5768.35
2026-10-08 18:30:00,33.88,5786.85
2026-10-08 18:35:00,44.0,5861.1
2026-10-08 18:40:00,44.0,5802.72
2026-10-08 18:45:00,42.8503,5729.32
2026-10-08 18:50:00,44.0,5837.89
2026-10-08 18:55:00,33.88,5825.27
2026-10-08 19:00:00,32.18,5824.19
2026-10-08 19:05:00,17.87,5879.13
2026-10-08 19:10:00,17.87,5873.28
2026-10-08 19:15:00,6.58566,5757.96
2026-10-08 19:20:00,12.45016,5775.13
2026-10-08 19:25:00,0.01025,5833.25
2026-10-08 19:30:00,0.01049,5823.37
2026-10-08 19:35:00,0.01,5701.78
2026-10-08 19:40:00,0.01,5742.17
2026-10-08 19:45:00,6.29287,5725.1
2026-10-08 19:50:00,0.00073,5744.6
2026-10-08 19:55:00,0.01,5715.83
2026-10-08 20:00:00,0.00071,5621.83
2026-10-08 20:05:00,0.01,5670.21
2026-10-08 20:10:00,0.00071,5627.01
2026-10-08 20:15:00,0.01,5653.7
2026-10-08 20:20:00,0.00013,5574.42
2026-10-08 20:25:00,0.00071,5582.74
2026-10-08 20:30:00,0.00043,5534.0
2026-10-08 20:35:00,0.00013,5477.38
2026-10-08 20:40:00,0.00013,5389.08
2026-10-08 20:45:00,0.00013,5366.35
2026-10-08 20:50:00,0.00013,5351.62
2026-10-08 20:55:00,0.00013,5379.02
2026-10-08 21:00:00,-0.54,5293.54
2026-10-08 21:05:00,3e-05,5269.12
2026-10-08 21:10:00,0.00027,5276.47
2026-10-08 21:15:00,0.00025,5273.93
2026-10-08 21:20:00,3e-05,5154.29
2026-10-08 21:25:00,-0.54,5184.19
2026-10-08 21:30:00,3e-05,5152.16
2026-10-08 21:35:00,3e-05,5140.39
2026-10-08 21:40:00,3e-05,5075.36
2026-10-08 21:45:00,3e-05,5063.31
2026-10-08 21:50:00,3e-05,5013.74
2026-10-08 21:55:00,-4.34926,4992.46
2026-10-08 22:00:00,-7.0,4887.79
2026-10-08 22:05:00,0.00027,4816.66
2026-10-08 22:10:00,0.01049,4906.81
2026-10-08 22:15:00,0.00029,4858.89
2026-10-08 22:20:00,-1.28099,4808.14
2026-10-08 22:25:00,0.00028,4872.2
2026-10-08 22:30:00,-4.85452,4787.06
2026-10-08 22:35:00,6e-05,4865.28
2026-10-08 22:40:00,-0.45291,4799.51
2026-10-08 22:45:00,-5.67056,4731.66
2026-10-08 22:50:00,-7.92,4762.05
2026-10-08 22:55:00,-7.92,4736.96
2026-10-08 23:00:00,-4.25789,4787.02
2026-10-08 23:05:00,-4.79174,4808.63
2026-10-08 23:10:00,0.00027,4979.79
2026-10-08 23:15:00,-0.56,4998.93
2026-10-08 23:20:00,-0.56,5013.89
2026-10-08 23:25:00,-5.67056,4942.16
2026-10-08 23:30:00,-5.21231,4916.51
2026-10-08 23:35:00,-5.03982,4935.9
2026-10-08 23:40:00,-8.01,4910.46
2026-10-08 23:45:00,-4.40439,4890.3
2026-10-08 23:50:00,-0.56,4932.48
2026-10-08 23:55:00,-1.2384,4918.2
2026-10-09 00:00:00,-5.5758,4809.43
2026-10-09 00:05:00,-5.76718,4895.08
2026-10-09 00:10:00,-5.30079,4827.6
2026-10-09 00:15:00,-4.95575,4862.81
2026-10-09 00:20:00,-5.12528,4846.55
2026-10-09 00:25:00,-8.26,4757.03
2026-10-09 00:30:00,-4.63304,4795.74
2026-10-09 00:35:00,-4.14339,4796.08
2026-10-09 00:40:00,-4.35801,4842.76
2026-10-09 00:45:00,-5.30079,4770.0
2026-10-09 00:50:00,-4.79433,4742.71
2026-10-09 00:55:00,-5.03977,4802.02
2026-10-09 01:00:00,-7.0,4715.23
2026-10-09 01:05:00,-7.0,4660.54
2026-10-09 01:10:00,-7.0,4649.69
2026-10-09 01:15:00,-8.01,4616.53
2026-10-09 01:20:00,-7.0,4655.82
2026-10-09 01:25:00,-7.0,4686.03
2026-10-09 01:30:00,-8.01,4643.63
2026-10-09 01:35:00,-8.01,4617.53
2026-10-09 01:40:00,-8.01,4575.19
2026-10-09 01:45:00,-7.0,4600.97
2026-10-09 01:50:00,-8.01,4581.48
2026-10-09 01:55:00,-8.01,4544.76
2026-10-09 02:00:00,-8.26,4479.78
2026-10-09 02:05:00,-8.26,4487.43
2026-10-09 02:10:00,-8.38,4465.13
2026-10-09 02:15:00,-8.38,4439.53
2026-10-09 02:20:00,-8.38,4459.06
2026-10-09 02:25:00,-8.38,4463.39
2026-10-09 02:30:00,-8.38,4513.84
2026-10-09 02:35:00,-8.38,4490.48
2026-10-09 02:40:00,-8.38,4481.45
2026-10-09 02:45:00,-8.38,4485.71
2026-10-09 02:50:00,-8.38,4532.88
2026-10-09 02:55:00,-8.38,4476.99
2026-10-09 03:00:00,-8.87,4426.55
2026-10-09 03:05:00,-11.49,4451.87
2026-10-09 03:10:00,-8.38,4507.63
2026-10-09 03:15:00,-8.38,4525.5
2026-10-09 03:20:00,-12.06,4494.92
2026-10-09 03:25:00,-8.38,4510.59
2026-10-09 03:30:00,-8.38,4545.1
2026-10-09 03:35:00,-8.38,4528.12
2026-10-09 03:40:00,-9.05,4466.63
2026-10-09 03:45:00,-12.06,4479.93
2026-10-09 03:50:00,-9.05,4546.16
2026-10-09 03:55:00,-8.38,4554.31
2026-10-09 04:00:00,-8.38,4537.54
2026-10-09 04:05:00,-8.26,4674.8
2026-10-09 04:10:00,-8.01,4786.48
2026-10-09 04:15:00,-8.01,4784.07
2026-10-09 04:20:00,-8.01,4772.7
2026-10-09 04:25:00,-8.38,4706.14
2026-10-09 04:30:00,-8.01,4840.39
2026-10-09 04:35:00,-8.01,4822.28
2026-10-09 04:40:00,-8.01,4872.69
2026-10-09 04:45:00,-8.01,4888.96
2026-10-09 04:50:00,-8.01,4927.19
2026-10-09 04:55:00,-8.01,4984.5
2026-10-09 05:00:00,-7.0,4970.58
2026-10-09 05:05:00,-8.01,4909.84
2026-10-09 05:10:00,-8.01,5069.08
2026-10-09 05:15:00,-0.56,5132.7
2026-10-09 05:20:00,-7.0,5089.63
2026-10-09 05:25:00,-0.56,5220.73
2026-10-09 05:30:00,-0.56,5250.1
2026-10-09 05:35:00,0.00016,5257.71
2026-10-09 05:40:00,-0.56,5263.41
2026-10-09 05:45:00,-0.56,5388.51
2026-10-09 05:50:00,0.01,5384.73
2026-10-09 05:55:00,0.01,5415.8
2026-10-09 06:00:00,0.01,5541.55
2026-10-09 06:05:00,0.0004,5569.79
2026-10-09 06:10:00,0.01,5699.72
2026-10-09 06:15:00,0.01,5814.49
2026-10-09 06:20:00,0.01,5767.54
2026-10-09 06:25:00,0.01,5794.92
2026-10-09 06:30:00,0.01,5741.87
2026-10-09 06:35:00,0.01,5697.47
2026-10-09 06:40:00,0.01,5666.11
2026-10-09 06:45:00,0.01,5693.07
2026-10-09 06:50:00,-20.0,5768.17
2026-10-09 06:55:00,-7.0,5731.85
2026-10-09 07:00:00,-20.0,5956.64
2026-10-09 07:05:00,-8.01,5936.68
2026-10-09 07:10:00,-8.01,5826.94
2026-10-09 07:15:00,-8.38,5706.2
2026-10-09 07:20:00,-14.82422,5644.77
2026-10-09 07:25:00,-9.72772,5835.68
2026-10-09 07:30:00,-20.0,5543.79
2026-10-09 07:35:00,-20.0,5465.24
2026-10-09 07:40:00,-8.26,5468.81
2026-10-09 07:45:00,-8.01,5273.88
2026-10-09 07:50:00,-8.26,5144.34
2026-10-09 07:55:00,-8.01,5154.05
2026-10-09 08:00:00,-14.33908,5130.14
2026-10-09 08:05:00,-8.26,5069.58
2026-10-09 08:10:00,-7.51,5067.85
2026-10-09 08:15:00,-8.0,4958.72
2026-10-09 08:20:00,-8.38,4993.32
2026-10-09 08:25:00,-8.38,4856.41
2026-10-09 08:30:00,-16.54,4955.65
2026-10-09 08:35:00,-16.54,4900.08
2026-10-09 08:40:00,-16.54,4903.03
2026-10-09 08:45:00,-16.54,4782.62
2026-10-09 08:50:00,-20.0,4686.16
2026-10-09 08:55:00,-19.99,4638.83
2026-10-09 09:00:00,-20.0,4550.89
2026-10-09 09:05:00,-16.54,4440.47
2026-10-09 09:10:00,-16.54,4483.4
2026-10-09 09:15:00,-19.99,4453.38
2026-10-09 09:20:00,-35.71,4362.65
2026-10-09 09:25:00,-44.84,4449.46
2026-10-09 09:30:00,-35.77,4625.46
2026-10-09 09:35:00,-50.11,4518.35
2026-10-09 09:40:00,-44.84,4513.74
2026-10-09 09:45:00,-44.84,4300.67
2026-10-09 09:50:00,-44.84,4301.26
2026-10-09 09:55:00,-44.84,4210.54
2026-10-09 10:00:00,-44.84,4191.91
2026-10-09 10:05:00,-44.84,4090.82
2026-10-09 10:10:00,-35.19,4146.4
2026-10-09 10:15:00,-35.19,4137.82
2026-10-09 10:20:00,-35.88,4083.42
2026-10-09 10:25:00,-50.11,3769.98
2026-10-09 10:30:00,-50.01,3604.1
2026-10-09 10:35:00,-44.84,3946.31
2026-10-09 10:40:00,-50.01,3875.87
2026-10-09 10:45:00,-50.11,3637.37
2026-10-09 10:50:00,-39.79,3942.84
2026-10-09 10:55:00,-40.72,3865.53
2026-10-09 11:00:00,-56.87,4106.92
2026-10-09 11:05:00,-35.19,4062.32
2026-10-09 11:10:00,-50.11,4146.61
2026-10-09 11:15:00,-44.84,4107.53
2026-10-09 11:20:00,-44.84,4254.87
2026-10-09 11:25:00,-35.77,4438.04
2026-10-09 11:30:00,-35.68,4311.06
2026-10-09 11:35:00,-44.84,4148.11
2026-10-09 11:40:00,-35.19,4080.55
2026-10-09 11:45:00,-35.19,4159.67
2026-10-09 11:50:00,-20.0,3866.06
2026-10-09 11:55:00,-16.54,4076.41
2026-10-09 12:00:00,-16.54,4012.17
2026-10-09 12:05:00,-16.54,4081.55
2026-10-09 12:10:00,-16.54,4089.68
2026-10-09 12:15:00,-19.99,4026.37
2026-10-09 12:20:00,-19.9,3929.17
2026-10-09 12:25:00,-16.54,4132.61
2026-10-09 12:30:00,-16.54,4146.42
2026-10-09 12:35:00,-16.54,4169.55
2026-10-09 12:40:00,-16.61,3877.15
2026-10-09 12:45:00,-16.54,3970.89
2026-10-09 12:50:00,-16.54,4053.58
2026-10-09 12:55:00,-16.54,4168.44
2026-10-09 13:00:00,-13.13482,4234.6
2026-10-09 13:05:00,-12.55,4178.69
2026-10-09 13:10:00,-16.54,4184.94
2026-10-09 13:15:00,-16.54,4219.91
2026-10-09 13:20:00,-16.61,4081.57
2026-10-09 13:25:00,-16.61,4235.9
2026-10-09 13:30:00,-20.0,4314.15
2026-10-09 13:35:00,-19.9,4353.56
2026-10-09 13:40:00,-16.54,4478.27
2026-10-09 13:45:00,-16.54,4546.82
2026-10-09 13:50:00,-10.1,4553.52
2026-10-09 13:55:00,-16.54,4524.23
2026-10-09 14:00:00,-16.54,4438.83
2026-10-09 14:05:00,-16.54,4384.79
2026-10-09 14:10:00,-16.61,4235.58
2026-10-09 14:15:00,-16.66,4271.96
2026-10-09 14:20:00,-16.54,4331.7
2026-10-09 14:25:00,-16.54,4437.73
2026-10-09 14:30:00,-8.26,4336.38
2026-10-09 14:35:00,-8.38,4507.14
2026-10-09 14:40:00,-8.0,4595.13
2026-10-09 14:45:00,-7.51,4593.71
2026-10-09 14:50:00,-7.51,4615.58
2026-10-09 14:55:00,-8.0,4686.9
2026-10-09 15:00:00,-8.26,4479.09
2026-10-09 15:05:00,-7.51,4503.1
2026-10-09 15:10:00,-7.3,4621.84
2026-10-09 15:15:00,-0.56,5036.86
2026-10-09 15:20:00,0.01,4781.54
2026-10-09 15:25:00,-0.56,4784.79
2026-10-09 15:30:00,-0.56,4901.99
2026-10-09 15:35:00,-4.85,4901.19
2026-10-09 15:40:00,-0.56,4929.45
2026-10-09 15:45:00,0.01,5144.82
2026-10-09 15:50:00,-4.85,5212.08
2026-10-09 15:55:00,-4.85,5031.14
2026-10-09 16:00:00,0.0001,5195.4
2026-10-09 16:05:00,-0.56,5086.07
2026-10-09 16:10:00,0.01,5069.3
2026-10-09 16:15:00,-0.56,5006.88
2026-10-09 16:20:00,-3.4055,5142.27
2026-10-09 16:25:00,-0.56,5226.76
2026-10-09 16:30:00,0.01,5233.12
2026-10-09 16:35:00,0.01,5143.68
2026-10-09 16:40:00,0.01,5222.32
2026-10-09 16:45:00,0.7767,5368.92
2026-10-09 16:50:00,3.03817,5465.44
2026-10-09 16:55:00,8.15,5452.75
2026-10-09 17:00:00,9.40895,5523.3
2026-10-09 17:05:00,8.3128,5526.06
2026-10-09 17:10:00,8.15,5520.92
2026-10-09 17:15:00,8.15,5568.55
2026-10-09 17:20:00,8.15,5588.93
2026-10-09 17:25:00,8.15,5642.48
2026-10-09 17:30:00,8.15,5594.78
2026-10-09 17:35:00,0.01,5598.96
2026-10-09 17:40:00,0.01,5674.64
2026-10-09 17:45:00,0.01,5695.37
2026-10-09 17:50:00,0.01,5777.81
2026-10-09 17:55:00,0.01,5790.55
2026-10-09 18:00:00,0.01,5852.17
2026-10-09 18:05:00,0.01,5830.98
2026-10-09 18:10:00,-0.56,5761.97
2026-10-09 18:15:00,0.00023,5874.0
2026-10-09 18:20:00,0.00023,5864.18
2026-10-09 18:25:00,0.01,5906.06
2026-10-09 18:30:00,0.01,5895.04
2026-10-09 18:35:00,0.00023,5854.0
2026-10-09 18:40:00,0.01,5904.1
2026-10-09 18:45:00,0.01,5746.46
2026-10-09 18:50:00,0.01,5750.3
2026-10-09 18:55:00,0.01,5883.33
2026-10-09 19:00:00,0.01,5854.78
2026-10-09 19:05:00,0.01,5814.3
2026-10-09 19:10:00,0.01,5781.65
2026-10-09 19:15:00,0.0103,5785.56
2026-10-09 19:20:00,6.82485,5763.36
2026-10-09 19:25:00,0.0103,5662.94
2026-10-09 19:30:00,8.0,5658.39
2026-10-09 19:35:00,8.15,5671.95
2026-10-09 19:40:00,9.68,5672.87
2026-10-09 19:45:00,9.68,5600.03
2026-10-09 19:50:00,8.15,5589.71
2026-10-09 19:55:00,9.44,5585.42
2026-10-09 20:00:00,9.68,5553.17
2026-10-09 20:05:00,9.44,5455.62
2026-10-09 20:10:00,9.44,5392.62
2026-10-09 20:15:00,8.15,5360.0
2026-10-09 20:20:00,33.05,5413.43
2026-10-09 20:25:00,33.05,5372.01
2026-10-09 20:30:00,8.15,5361.24
2026-10-09 20:35:00,33.05,5299.28
2026-10-09 20:40:00,33.38715,5365.99
2026-10-09 20:45:00,46.5,5385.4
2026-10-09 20:50:00,8.0,5290.77
2026-10-09 20:55:00,9.68,5286.38
2026-10-09 21:00:00,5.86,5359.31
2026-10-09 21:05:00,0.01025,5277.6
2026-10-09 21:10:00,0.01025,5174.58
2026-10-09 21:15:00,9.76,5235.28
2026-10-09 21:20:00,0.01,5192.9
2026-10-09 21:25:00,0.01,5176.0
2026-10-09 21:30:00,3e-05,5074.11
2026-10-09 21:35:00,-0.56,5120.88
2026-10-09 21:40:00,-0.56,5109.73
2026-10-09 21:45:00,-0.56,5123.71
2026-10-09 21:50:00,3e-05,5015.98
2026-10-09 21:55:00,3e-05,5014.48
2026-10-09 22:00:00,3e-05,4913.62
2026-10-09 22:05:00,-0.56,4880.43
2026-10-09 22:10:00,3e-05,4832.7
2026-10-09 22:15:00,-0.56,4783.38
2026-10-09 22:20:00,-0.56,4843.66
2026-10-09 22:25:00,-0.56,4742.35
2026-10-09 22:30:00,-0.56,4731.23
2026-10-09 22:35:00,-0.56,4737.42
2026-10-09 22:40:00,-0.56,4728.36
2026-10-09 22:45:00,-0.56,4796.32
2026-10-09 22:50:00,-0.56,4804.29
2026-10-09 22:55:00,-0.39869,4804.01
2026-10-09 23:00:00,-0.56,4717.67
2026-10-09 23:05:00,-0.56,4735.12
2026-10-09 23:10:00,3e-05,4925.1
2026-10-09 23:15:00,0.01,5001.38
2026-10-09 23:20:00,0.01,4961.23
2026-10-09 23:25:00,3e-05,4940.55
2026-10-09 23:30:00,3e-05,4923.44
2026-10-09 23:35:00,0.01,4923.71
2026-10-09 23:40:00,0.01,4800.23
2026-10-09 23:45:00,0.01,4814.91
2026-10-09 23:50:00,0.01,4801.62
2026-10-09 23:55:00,0.01,4847.08
2026-10-10 00:00:00,-0.56,4741.37
2026-10-10 00:05:00,-0.56,4795.66
2026-10-10 00:10:00,-4.56,4742.28
2026-10-10 00:15:00,-4.87,4745.53
2026-10-10 00:20:00,-0.56,4739.67
2026-10-10 00:25:00,-0.81391,4669.05
2026-10-10 00:30:00,-0.56,4623.64
2026-10-10 00:35:00,-0.56,4707.69
2026-10-10 00:40:00,-0.56,4670.94
2026-10-10 00:45:00,-0.56,4606.06
2026-10-10 00:50:00,-0.56,4556.78
2026-10-10 00:55:00,-0.56,4570.26
2026-10-10 01:00:00,-0.56,4597.13
2026-10-10 01:05:00,-0.56,4550.44
2026-10-10 01:10:00,-1.08,4458.25
2026-10-10 01:15:00,-1.01997,4441.3
2026-10-10 01:20:00,-0.56,4506.34
2026-10-10 01:25:00,-0.56,4464.32
2026-10-10 01:30:00,-0.56,4462.92
2026-10-10 01:35:00,-0.56,4425.92
2026-10-10 01:40:00,-0.56,4443.5
2026-10-10 01:45:00,-5.71797,4409.17
2026-10-10 01:50:00,-7.0,4339.97
2026-10-10 01:55:00,-8.01,4324.63
2026-10-10 02:00:00,-7.0,4365.8
2026-10-10 02:05:00,-8.01,4375.8
2026-10-10 02:10:00,-8.01,4348.41
2026-10-10 02:15:00,-8.01,4367.75
2026-10-10 02:20:00,-7.0,4395.24
2026-10-10 02:25:00,-8.01,4316.72
2026-10-10 02:30:00,-8.01,4278.24
2026-10-10 02:35:00,-8.01,4309.54
2026-10-10 02:40:00,-8.01,4296.83
2026-10-10 02:45:00,-8.26,4182.82
2026-10-10 02:50:00,-8.01,4246.14
2026-10-10 02:55:00,-6.08,4308.4
2026-10-10 03:00:00,-0.56,4310.49
2026-10-10 03:05:00,-7.0,4206.02
2026-10-10 03:10:00,-8.01,4170.11
2026-10-10 03:15:00,-7.0,4250.21
2026-10-10 03:20:00,-7.0,4212.91
2026-10-10 03:25:00,-0.56,4214.73
2026-10-10 03:30:00,-0.97826,4207.44
2026-10-10 03:35:00,-0.98617,4256.36
2026-10-10 03:40:00,-0.56,4262.76
2026-10-10 03:45:00,-1.02811,4276.73
2026-10-10 03:50:00,-3.40624,4208.38
2026-10-10 03:55:00,-5.71797,4203.21
2026-10-10 04:00:00,-1.05297,4263.9
2026-10-10 04:05:00,-0.91426,4259.54
2026-10-10 04:10:00,-0.56,4292.9
2026-10-10 04:15:00,-0.56,4359.52
2026-10-10 04:20:00,-6.65513,4348.64
2026-10-10 04:25:00,-6.22176,4350.31
2026-10-10 04:30:00,-6.01543,4336.23
2026-10-10 04:35:00,-5.91471,4305.4
2026-10-10 04:40:00,-6.32745,4324.37
2026-10-10 04:45:00,-1.11933,4322.05
2026-10-10 04:50:00,-0.56,4334.87
2026-10-10 04:55:00,-0.56,4406.81
2026-10-10 05:00:00,-0.56,4435.31
2026-10-10 05:05:00,-0.56,4435.92
2026-10-10 05:10:00,-0.56,4460.45
2026-10-10 05:15:00,0.00013,4512.71
2026-10-10 05:20:00,-0.56,4465.9
2026-10-10 05:25:00,-0.56,4485.48
2026-10-10 05:30:00,-0.56,4456.29
2026-10-10 05:35:00,0.01,4543.76
2026-10-10 05:40:00,0.01,4586.03
2026-10-10 05:45:00,0.01,4563.19
2026-10-10 05:50:00,0.01,4590.81
2026-10-10 05:55:00,7.7,4632.45
2026-10-10 06:00:00,0.0103,4635.46
2026-10-10 06:05:00,5.86,4629.33
2026-10-10 06:10:00,17.9375,4688.34
2026-10-10 06:15:00,11.75406,4688.62
2026-10-10 06:20:00,9.80026,4720.45
2026-10-10 06:25:00,0.01,4764.98
2026-10-10 06:30:00,0.01,4603.7
2026-10-10 06:35:00,0.00021,4710.11
2026-10-10 06:40:00,0.00015,4722.82
2026-10-10 06:45:00,0.00015,4729.86
2026-10-10 06:50:00,-0.56,4580.54
2026-10-10 06:55:00,-0.56,4554.95
2026-10-10 07:00:00,-8.38,4526.14
2026-10-10 07:05:00,-0.56,4640.27
2026-10-10 07:10:00,-19.99,4532.44
2026-10-10 07:15:00,-20.0,4554.73
2026-10-10 07:20:00,-45.0,4672.54
2026-10-10 07:25:00,-40.72,4650.73
2026-10-10 07:30:00,-44.47,4683.59
2026-10-10 07:35:00,-44.47,4599.17
2026-10-10 07:40:00,-44.47,4411.43
2026-10-10 07:45:00,-45.0,4427.85
2026-10-10 07:50:00,-50.11,4367.31
2026-10-10 07:55:00,-50.11,4354.81
2026-10-10 08:00:00,-52.66974,4304.27
2026-10-10 08:05:00,-64.55,4269.59
2026-10-10 08:10:00,-56.82,4368.03
2026-10-10 08:15:00,-43.01,4615.87
2026-10-10 08:20:00,-50.11,4048.3
2026-10-10 08:25:00,-60.02,3912.56
2026-10-10 08:30:00,-63.9,3915.05
2026-10-10 08:35:00,-63.9,3893.8
2026-10-10 08:40:00,-63.9,3799.62
2026-10-10 08:45:00,-59.47,4075.49
2026-10-10 08:50:00,-50.11,4141.18
2026-10-10 08:55:00,-50.11,4166.76
2026-10-10 09:00:00,-59.42694,3886.5
2026-10-10 09:05:00,-64.55,3865.41
2026-10-10 09:10:00,-50.01,4156.9
2026-10-10 09:15:00,-60.0,4049.19
2026-10-10 09:20:00,-63.9,3931.63
2026-10-10 09:25:00,-59.47,4134.3
2026-10-10 09:30:00,-63.9,4102.52
2026-10-10 09:35:00,-60.0,4057.8
2026-10-10 09:40:00,-63.9,3870.32
2026-10-10 09:45:00,-64.55,3784.78
2026-10-10 09:50:00,-63.9,3842.21
2026-10-10 09:55:00,-66.12,3755.97
2026-10-10 10:00:00,-66.12,3731.14
2026-10-10 10:05:00,-63.9,3911.02
2026-10-10 10:10:00,-59.47,3963.35
2026-10-10 10:15:00,-60.0,3862.29
2026-10-10 10:20:00,-61.2,3586.89
2026-10-10 10:25:00,-60.0,3489.75
2026-10-10 10:30:00,-56.0885,3446.69
2026-10-10 10:35:00,-63.9,3418.18
2026-10-10 10:40:00,-61.86,3370.18
2026-10-10 10:45:00,-63.9,3392.15
2026-10-10 10:50:00,-63.9,3301.68
2026-10-10 10:55:00,-66.12,3095.2
2026-10-10 11:00:00,-64.55,3187.02
2026-10-10 11:05:00,-63.9,3259.71
2026-10-10 11:10:00,-66.12,3166.13
2026-10-10 11:15:00,-66.12,3130.97
2026-10-10 11:20:00,-64.55,3056.48
2026-10-10 11:25:00,-66.12,3097.01
2026-10-10 11:30:00,-66.0,3092.19
2026-10-10 11:35:00,-134.86,3692.87
2026-10-10 11:40:00,-134.86,3641.32
2026-10-10 11:45:00,-148.41972,3798.6
2026-10-10 11:50:00,-134.86,3834.96
2026-10-10 11:55:00,-75.4,3708.52
2026-10-10 12:00:00,-97.51,3695.5
2026-10-10 12:05:00,-134.86,3704.5
2026-10-10 12:10:00,-79.38944,3641.17
2026-10-10 12:15:00,-80.04448,3489.74
2026-10-10 12:20:00,-75.4,3368.18
2026-10-10 12:25:00,-66.12,3086.94
2026-10-10 12:30:00,-66.0,3035.31
2026-10-10 12:35:00,-68.41,3046.85
2026-10-10 12:40:00,-68.41,3104.15
2026-10-10 12:45:00,-66.12,3008.74
2026-10-10 12:50:00,-66.0,2902.23
2026-10-10 12:55:00,-68.41,3165.11
2026-10-10 13:00:00,-68.41,3214.56
2026-10-10 13:05:00,-68.41,3164.58
2026-10-10 13:10:00,-68.41,3251.01
2026-10-10 13:15:00,-68.41,3271.14
2026-10-10 13:20:00,-66.12,3316.88
2026-10-10 13:25:00,-68.41,3227.09
2026-10-10 13:30:00,-64.55,3312.07
2026-10-10 13:35:00,-63.9,3411.31
2026-10-10 13:40:00,-63.9,3412.2
2026-10-10 13:45:00,-61.2,3527.27
2026-10-10 13:50:00,-60.02,3587.71
2026-10-10 13:55:00,-60.0,3617.33
2026-10-10 14:00:00,-63.9,3510.19
2026-10-10 14:05:00,-64.55,3374.37
2026-10-10 14:10:00,-60.0,3579.0
2026-10-10 14:15:00,-59.47,3709.24
2026-10-10 14:20:00,-60.02,3786.44
2026-10-10 14:25:00,-59.47,3742.54
2026-10-10 14:30:00,-60.0,3719.34
2026-10-10 14:35:00,-60.0,3760.79
2026-10-10 14:40:00,-61.86,3755.45
2026-10-10 14:45:00,-61.2,3737.86
2026-10-10 14:50:00,-60.0,3861.48
2026-10-10 14:55:00,-50.11,3892.49
2026-10-10 15:00:00,-50.11,3867.83
2026-10-10 15:05:00,-44.47,3983.42
2026-10-10 15:10:00,-50.11,3903.87
2026-10-10 15:15:00,-50.01,3959.64
2026-10-10 15:20:00,-60.44871,3580.82
2026-10-10 15:25:00,-50.01,3779.92
2026-10-10 15:30:00,-45.06895,3850.5
2026-10-10 15:35:00,-44.47,4018.13
2026-10-10 15:40:00,-50.01,4154.09
2026-10-10 15:45:00,-60.0,4157.25
2026-10-10 15:50:00,-45.0,4173.34
2026-10-10 15:55:00,-47.64176,4067.28
2026-10-10 16:00:00,-60.0,4150.8
2026-10-10 16:05:00,-50.11,4147.18
2026-10-10 16:10:00,-50.21386,4199.37
2026-10-10 16:15:00,-47.23857,4270.89
2026-10-10 16:20:00,-45.1,4154.0
2026-10-10 16:25:00,-44.47,4330.45
2026-10-10 16:30:00,-20.0,4368.89
2026-10-10 16:35:00,-16.54,4404.37
2026-10-10 16:40:00,-34.89,4738.07
2026-10-10 16:45:00,-16.54,4815.37
2026-10-10 16:50:00,-7.0,4931.85
2026-10-10 16:55:00,-5.61,4913.82
2026-10-10 17:00:00,-14.51745,4803.13
2026-10-10 17:05:00,-8.0,4793.84
2026-10-10 17:10:00,-0.56,4890.25
2026-10-10 17:15:00,0.00042,4797.62
2026-10-10 17:20:00,0.01,4825.07
2026-10-10 17:25:00,0.01,4860.36
2026-10-10 17:30:00,0.01,4862.67
2026-10-10 17:35:00,0.00023,4932.46
2026-10-10 17:40:00,0.01,4991.19
2026-10-10 17:45:00,0.01,5023.75
2026-10-10 17:50:00,32.43303,4967.23
2026-10-10 17:55:00,46.78306,5001.5
2026-10-10 18:00:00,71.59,5090.41
2026-10-10 18:05:00,56.87791,5036.86
2026-10-10 18:10:00,71.59,5145.43
2026-10-10 18:15:00,81.55202,5171.25
2026-10-10 18:20:00,81.58341,5191.27
2026-10-10 18:25:00,86.55,5173.83
2026-10-10 18:30:00,82.79683,5108.24
2026-10-10 18:35:00,81.30698,5105.47
2026-10-10 18:40:00,82.78718,5208.96
2026-10-10 18:45:00,71.59,5247.22
2026-10-10 18:50:00,71.59,3104.15
2026-10-10 18:55:00,86.00866,5312.57
2026-10-10 19:00:00,87.13538,3104.15
2026-10-10 19:05:00,88.29159,3104.15
2026-10-10 19:10:00,84.23158,5225.48
2026-10-10 19:15:00,82.07233,5287.29
2026-10-10 19:20:00,84.16041,3104.15
2026-10-10 19:25:00,84.41461,5191.66
2026-10-10 19:30:00,84.7635,5250.1
2026-10-10 19:35:00,84.53636,3104.15
2026-10-10 19:40:00,85.20627,3104.15
2026-10-10 19:45:00,85.63618,3104.15
2026-10-10 19:50:00,76.68921,5184.29
2026-10-10 19:55:00,77.52593,5240.87
2026-10-10 20:00:00,86.04171,5225.08
2026-10-10 20:05:00,73.22637,5133.37
2026-10-10 20:10:00,78.03,5188.88
2026-10-10 20:15:00,80.67429,5162.59
2026-10-10 20:20:00,81.97143,5161.34
2026-10-10 20:25:00,87.16218,5135.2
2026-10-10 20:30:00,78.63235,5073.91
2026-10-10 20:35:00,81.25524,5102.9
2026-10-10 20:40:00,78.03,5083.85
2026-10-10 20:45:00,88.14749,5022.84
2026-10-10 20:50:00,84.01198,5066.93
2026-10-10 20:55:00,80.55084,5024.42
2026-10-10 21:00:00,87.37434,5020.2
2026-10-10 21:05:00,92.16165,4971.25
2026-10-10 21:10:00,92.61435,4900.27
2026-10-10 21:15:00,98.11,4886.81
2026-10-10 21:20:00,88.59,4906.53
2026-10-10 21:25:00,87.09,4834.16
2026-10-10 21:30:00,105.13319,4810.81
2026-10-10 21:35:00,98.11,4877.75
2026-10-10 21:40:00,98.11,4832.71
2026-10-10 21:45:00,98.11,4843.89
2026-10-10 21:50:00,101.17609,4768.9
2026-10-10 21:55:00,98.11,4807.47
2026-10-10 22:00:00,88.59,4782.01
2026-10-10 22:05:00,94.1,4741.0
2026-10-10 22:10:00,91.25221,4746.34
2026-10-10 22:15:00,91.45189,4764.49
2026-10-10 22:20:00,94.55437,4818.45
2026-10-10 22:25:00,87.18,4706.86
2026-10-10 22:30:00,90.85589,4700.88
2026-10-10 22:35:00,93.3969,4783.81
2026-10-10 22:40:00,93.9727,4779.44
2026-10-10 22:45:00,92.0203,4751.68
2026-10-10 22:50:00,92.70869,4747.68
2026-10-10 22:55:00,91.72834,4658.43
2026-10-10 23:00:00,94.1,4743.33
2026-10-10 23:05:00,91.46968,4765.36
2026-10-10 23:10:00,92.43517,4871.1
2026-10-10 23:15:00,98.11,4980.03
2026-10-10 23:20:00,87.18,4962.59
2026-10-10 23:25:00,95.67322,5017.2
2026-10-10 23:30:00,98.11,5028.09
2026-10-10 23:35:00,93.34279,4936.52
2026-10-10 23:40:00,91.68806,4961.18
2026-10-10 23:45:00,93.10771,4956.25
2026-10-10 23:50:00,94.22062,4861.72
2026-10-10 23:55:00,95.40811,4902.9
2026-10-11 00:00:00,93.0098,4872.87
2026-10-11 00:05:00,94.1,4850.31
2026-10-11 00:10:00,94.1,4825.13
2026-10-11 00:15:00,93.61984,4762.32
2026-10-11 00:20:00,93.90987,4796.14
2026-10-11 00:25:00,94.1,4809.6
2026-10-11 00:30:00,94.18681,4749.04
2026-10-11 00:35:00,92.3518,4746.87
2026-10-11 00:40:00,94.54032,4753.41
2026-10-11 00:45:00,93.89276,4723.39
2026-10-11 00:50:00,92.12815,4620.36
2026-10-11 00:55:00,93.00317,4669.31
2026-10-11 01:00:00,93.65965,4649.96
2026-10-11 01:05:00,92.06464,4531.78
2026-10-11 01:10:00,98.11,4626.88
2026-10-11 01:15:00,98.11,4605.17
2026-10-11 01:20:00,94.1,4552.07
2026-10-11 01:25:00,93.94079,4581.66
2026-10-11 01:30:00,94.1,4483.04
2026-10-11 01:35:00,93.28709,4462.33
2026-10-11 01:40:00,94.1,4519.32
2026-10-11 01:45:00,93.57966,4481.99
2026-10-11 01:50:00,93.84476,4473.55
